Unnamed: 0,제목,랭킹,저자,출판사,평점,리뷰수,가격
0,혼자 공부하는 파이썬 (1:1 과외하듯 배우는 프로그래밍 자습서),컴퓨터/IT 3위,윤인성,한빛미디어,4.9,10,19800
1,"파이썬과 40개의 작품들 (자동화, 크롤링, 이미지처리, 데이터분석, 웹페이지, GUI 프로그램, 게임)",컴퓨터/IT 19위,장문철,앤써북,5.0,2,16920
2,Do it! 알고리즘 코딩 테스트: 파이썬 편 (코딩 테스트를 처음 준비하는 취준생의 필독서!),컴퓨터/IT 117위,김종관,이지스퍼블리싱,5.0,3,28800
3,파이썬 클린 코드 (유지보수가 쉬운 파이썬 코드를 만드는 비결),컴퓨터/IT 97위,마리아노 아나야,터닝포인트,0.0,0,24800
4,모두의 파이썬 (20일 만에 배우는 프로그래밍 기초),None,이승찬,길벗,5.0,2,10370
5,Do it! 첫 파이썬 (게임하듯배우는나의첫프로그래밍책 | 만화와그림으로’코딩왕초보’탈출!),None,엘리스 코딩,이지스퍼블리싱,5.0,4,12100
6,어쩌다 데이터 분석 with 파이썬 (판다스로 시작하는 효율적인 데이터 분석 및 시각화),컴퓨터/IT 136위,김유지,한빛미디어,0.0,0,25200
7,파이썬 무작정 따라하기 (미래의 프로그래머를 위한),None,"서승희, 송석리",길벗,4.7,3,12600
8,파이썬 마스터 1·2급,None,유성열,명진씨앤피,4.3,4,19800
9,파이썬 399 Step (예제로 정복하는 코딩 챌린지),None,문혜영,icox(아이콕스),0.0,0,19800
10,으뜸 파이썬 (프로그래밍을 사랑하는 두 교수가 작정하고 쓴),None,박동규,생능출판,0.0,0,28800
11,스타트 파이썬 (예제로 시작하는 파이썬 코딩),None,황재호,인포앤북,0.0,0,18900
12,파이썬 정복 (파이썬 개발에 필요한 기본 지식을 모두 담은 파이썬 입문서),None,김상형,한빛미디어,0.0,0,19800
13,클린 파이썬 (효과적인 파이썬 코딩 기법),None,수닐 카필,에이콘출판,0.0,0,19800
14,이것이 취업을 위한 코딩 테스트다 with 파이썬 (취업과 이직을 결정하는 알고리즘 인터뷰 완벽 가이드),컴퓨터/IT 39위,나동빈,한빛미디어,4.9,31,29380
15,파이썬의 정석 (파이썬 본질에 집중하다),None,시바타 보요,루비페이퍼,0.0,0,23400
16,파이썬의 신 (프로그래밍 언어를 배운다는 것),None,김주현,로드북,0.0,0,24300
17,"파이썬을 활용한 금융 분석: 파이썬의 기초부터 금융공학, 머신러닝, 퀀트 분석, 매매 시스템 구현까지 (파이썬의 기초부터 금융공학, 머신러닝, 퀀트 분석, 매매 시스템 구현까지, 2판)",None,이브 힐피시,한빛미디어,0.0,0,40500
18,파이썬 연습,None,김기용,그린,0.0,0,26000
19,누구나 파이썬 (기초부터 시작하는 코딩과 데이터 분석),None,전익진,디스커버리미디어,5.0,2,15750
20,파이썬 기초 실습,None,고응남,인피니티북스,0.0,0,22500
21,달구나 파이썬!,None,"노순국, 이금분 외 1명",연두에디션,0.0,0,18000
22,응용미적분학 with 파이썬,None,"김봉진, 곽태근 외 2명",경문사,0.0,0,23760
23,"파이썬 프로그래밍 (Step by Step 처음 시작하는, 개정판)",None,김민규,가메,0.0,0,19800
24,"머신 러닝 교과서 with 파이썬, 사이킷런, 텐서플로 (머신 러닝, 딥러닝 핵심 알고리즘부터 GAN, 강화 학습까지!)",컴퓨터/IT 144위,세바스찬 라시카,길벗,0.0,0,39600
25,파이썬을 활용한 베이지안 통계 (동전 던지기와 하키 승률로 배우는 데이터 분석),None,앨런 B. 다우니,한빛미디어,0.0,0,28800
26,똑똑한 파이썬 (주니어를 위한 최적의 코딩 학습서),None,황재호,인포앤북,4.8,9,16200
27,라이노 파이썬,None,김성욱,창조와지식,0.0,0,10800
28,"파이썬 스킬 업 (기초를 넘어서, 파이썬을 파이썬답게 사용하자!)",None,"브라이언 오버랜드, 존 베넷",길벗,0.0,0,36000
29,"고성능 파이썬 (파이썬 성능 잠재력을 끌어내는 실용적인 개발 전략서, 2판)",None,"미샤 고렐릭, 이안 오스발트",한빛미디어,0.0,0,32400
30,파이썬 데이터 분석,None,성낙현,생능출판,0.0,0,25200
31,자기주도 파이썬 (정보영재 및 올림피아드를 위한 최적의 입문서),None,한컴에듀케이션 알고리즘연구소,복두출판사,5.0,2,15040
32,"전문가를 위한 파이썬 프로그래밍 (애플리케이션 구축,유지보수,패키징,배포 등 모던 파이썬 개발 마스터하기)",None,"미하우 야보르스키, 타레크 지아데",제이펍,0.0,0,34200
33,파이썬 자료구조,None,김병호,홍릉,0.0,0,14250
34,파이썬 프로그래밍 (기초부터 실전 프로그래밍까지 한 권에 끝내는),None,박영권,시대인,0.0,0,15300
35,파이썬 알고리즘,None,최영규,생능출판,5.0,5,24300
36,바로 쓰는 파이썬,None,박진수,서울대학교출판문화원,0.0,0,24750
37,내손으로 파이썬 (입문자를 위한 파이썬 정복),None,코딩로봇연구소,코딩엑스,0.0,0,12600
38,두근두근 파이썬 (쉽고! 재밌고! 흥미로운 코딩 맛!),None,천인국,생능출판,4.5,15,21600
39,파이썬 고급 딥러닝,None,Ivan Vasilev,홍릉,0.0,0,38610
40,금융 파이썬 쿡북 (금융 데이터 처리와 기술 분석부터 딥러닝 적용까지),None,에릭 르윈슨,에이콘출판,0.0,0,31500
41,핵심만 쏙쏙 파이썬,None,양숙희,연두에디션,5.0,1,18620
42,생활코딩! 파이썬 (가볍게 시작하여 유용하게 사용하는 생활코딩! Python),None,이고잉,범,0.0,0,16200
43,파이썬 프로그래밍,None,김상근,다올미디어,0.0,0,19800
44,파이썬 코딩 도장,None,남재윤,길벗,5.0,3,21600
45,시간순삭 파이썬 (당신의 1분 1초를 아껴줄),None,"천인국, 정영민 외 1명",생능북스,0.0,0,19800
46,Do it! 쉽게 배우는 파이썬 데이터 분석 (데이터 분석 프로젝트 전 과정 수록!),None,김영우,이지스퍼블리싱,4.0,2,20700
47,"모던 파이썬 입문 (프로그래밍, 시작은 파이썬이다!)",None,아나 벨,길벗,0.0,0,23400
48,파이썬3 바이블 (스크립트 언어의 지존을 만나다!),None,이강성,프리렉,0.0,0,37800
49,이젠 나도! 파이썬 (지금 시작해도 괜찮아),None,이지선,성안당,0.0,0,22500
50,파이썬 코딩 0교시 (대세는 국영수코! 교과서보다 먼저 만나는 첫 코딩),None,줄리 스웨이,프리렉,0.0,0,16200
51,파이썬과 함께하는 자료구조의 이해 (개정판),11월 신간도서,양성봉,생능출판,0.0,0,25200
52,혼자 공부하는 파이썬 (파이썬 최신 버전 반영),None,윤인성,한빛미디어,5.0,4,16200
53,컴퓨팅 사고를 위한 파이썬 (인공지능 프로그래밍을 포함한 개정판),None,"서정원, 김태령",생능출판,5.0,1,27000
54,파이썬과 파이게임 (쉽고 재미있게 예제로 배우는!),None,정선호,그린,0.0,0,25200
55,모두를 위한 파이썬 (제3판),None,"Cay Horstmann, Rance Necaise",한티에듀,0.0,0,31500
56,파이썬 프로그래밍 (자료구조와 알고리즘을 함께 배우는),None,김영탁,도서출판 홍릉(홍릉과학출판사),0.0,0,33660
57,파이썬 텍스트 코딩 워크북 (직접 풀어보면서 기르는 코드 리뷰 능력!),None,"서정민, 김성안 외 2명",삼양미디어,0.0,0,4500
58,알고리즘과 파이썬,None,채진석,정익사,0.0,0,27000
59,"파이썬 프로그래밍 (입문부터 실무까지 한 방에 끝내는, 개정판)",None,김용,혜지원,0.0,0,24300
60,손에 잡히는 파이썬 (주피터 노트북을 이용한 파이썬 프로그래밍 | 개념부터 코어까지),None,문용준,비제이퍼블릭,0.0,0,39600
61,"파이썬 프로그래밍 (데이터과학 및 응용프로그램, 2판)",None,John V. Guttag,홍릉과학출판사,0.0,0,28710
62,컴맹을 위한 파이썬,None,정덕,디지털북스,0.0,0,10800
63,파이썬 분산 컴퓨팅 (분산 컴퓨팅 기초부터 테스팅과 디버깅까지),None,프란세스코 피에르페데리시,에이콘출판,0.0,0,18000
64,파이썬 완벽 가이드,None,데이비드 M. 비즐리,인사이트,0.0,0,34200
65,파이썬 프로그래밍 (입문부터 실무까지 한 방에 끝내는),None,김용,혜지원,0.0,0,24300
66,"파이썬 쉽게, 더 쉽게 (친절한 설명과 다양한 예제로 배우는, 개정증보판)",None,츠지 신고,제이펍,0.0,0,23400
67,처음 만나는 파이썬 (친절한 설명! 흥미로운 예제!),None,가마타 마사히로,제이펍,0.0,0,19800
68,파이썬 프로그래밍,None,이영실,한산,0.0,0,23000
69,파이썬 프로그래밍 (누구나 할 수 있는 가장 쉬운 프로그래밍 입문서),None,크리스 로피,한빛아카데미,0.0,0,20900
70,통계학: 파이썬을 이용한 분석 (제2판),None,인하대학교 통계학과,자유아카데미,0.0,0,31040
71,나는 파이썬으로 머신러닝한다 1 (코알못을 위한 인공지능 순한맛),None,"최정원, 박지훈",씨마스,5.0,2,9000
72,"예제로 배우는 파이썬 머신러닝 (텐서플로 2, 파이토치, 사이킷런으로)",None,위시 (헤이든) 류,제이펍,0.0,0,29700
73,파이썬 웹 스크레이핑 완벽 가이드 (파이썬 기초문법부터 스트림릿을 이용한 웹 앱 제작과 카카오 API 활용까지),None,최은석,위키북스,0.0,0,28800
74,뚝딱뚝딱 파이썬 자동화 (다양한 연습 프로젝트를 통해 익히는 단순 반복 작업 해결 전략),None,알 스웨이가트,인사이트,5.0,1,29700
75,가장 쉬운 독학 알고리즘 첫걸음: 파이썬편 (코딩 테스트에 대비하는 25가지 기초 알고리즘과 최적화),None,마스이 도시카츠,동양북스,0.0,0,21150
76,그림으로 배우는 파이썬,None,다카하시 마나,영진닷컴,4.0,1,16200
77,이게 진짜 파이썬EASY! (기초부터 활용까지 한 권으로 끝내는),None,감무철,책밥,5.0,1,23400
78,파이썬3 입문과 활용,None,"심윤식, 지란지교에듀랩",지란지교에듀랩,0.0,0,24300
79,실전 파이썬 핸즈온 프로젝트 (문제 해결과 실무 응용력을 키우기 위한 나만의 파이썬 포트폴리오 만들기),None,리본,책만,0.0,0,13500
80,처음 시작하는 파이썬 (파이썬 패키지를 활용한 모던 컴퓨팅 입문),None,빌 루바노빅,한빛미디어,0.0,0,32400
81,데이터 과학을 위한 파이썬 머신러닝,None,최성철,한빛아카데미,0.0,0,27000
82,파이썬 입문 예제 중심 (파이썬 기초 with 데이터 분석 시각화),None,황재호,인포앤북,0.0,0,22500
83,"전문가를 위한 파이썬 (간단하고, 명료하고, 효율적인 파이썬 프로그래밍 (파이썬 3 버전 기반))",None,루시아누 하말류,한빛미디어,0.0,0,49500
84,문과생을 위한 파이썬,None,홍성인,인디라이프,0.0,0,16650
85,파이썬 웹 프로그래밍 (Django(장고)로 배우는 쉽고 빠른 웹 개발 | 파이썬3.x 장고2.x 버전 반영),None,김석훈,한빛미디어,5.0,2,19800
86,"러닝 파이썬(상) (파이썬에 관한 것, 그 무엇이든!)",None,마크 루츠,제이펍,0.0,0,34200
87,"러닝 파이썬(하) (파이썬에 관한 것, 그 무엇이든!)",None,마크 루츠,제이펍,0.0,0,34200
88,파이썬 입문 A to Z,None,문용준,토마토북,0.0,0,14850
89,개발자를 위한 파이썬 (현장에서 일하는 개발자 맞춤 입문서),None,윤웅식,한빛미디어,0.0,0,18000
90,핵심코어! 파이썬 프로그래밍,None,최희식,인피니티북스,3.0,1,20700
91,인공지능 파이썬&블록코딩 (사이버파이와 함께하는),None,창의융합과학,창의융합과학(주),0.0,0,22500
92,파이썬 Express,None,천인국,생능출판,0.0,0,27000
93,파이썬으로 배우는 텐서플로 기초,None,도진환,퍼플,0.0,0,9600
94,파이썬 알고리즘 인터뷰 (95가지 알고리즘 문제 풀이로 완성하는 코딩 테스트),None,박상길,책만,3.7,3,34200
95,"파이썬 3.6 프로그래밍 (기초 예제부터 라즈베이 파이, 알렉사, 텔레그램 봇까지 만들면서 배우는)",None,최동진,위키북스,0.0,0,27000
96,"파이썬을 활용한 금융 분석 (파이썬의 기초부터 금융공학, 수학, 정량 분석, 시스템 구현까지)",None,이브 힐피시,한빛미디어,0.0,0,37800
97,따라하면서 배우는 파이썬,None,이상철,복두출판사,5.0,1,12220
98,파이썬 데이터 클리닝 쿡북 (파이썬과 판다스를 활용한 데이터 전처리),None,마이클 워커,위키북스,2.0,1,25200
99,파이썬 프로그래밍 핵심,None,전희성,UUP,0.0,0,11700
100,파이썬 프로그래밍 길라잡이,None,장혜진,홍릉,0.0,0,28710
101,술술 넘기며 다 이해하는 파이썬 코딩 노트북 38 (처음으로 프로그래밍 사고의 길을 내다),11월 신간도서,이강성,프리렉,0.0,0,19800
102,"파이썬 증권 데이터 분석 (파이썬 입문, 웹 스크레이핑, 트레이딩 전략, 자동 매매)",None,김황후,한빛미디어,4.6,5,27650
103,파이썬으로 챗봇 만들기 (자연어 처리와 머신러닝을 이용하여),None,Sumit Raj,영진닷컴,0.0,0,18000
104,파이썬으로 맛보는 인공지능 한 조각 (누구든 쉽게 이해하는 파이썬×인공지능 입문서!),None,김수빈,디지털북스,0.0,0,16200
105,파이썬과 피지컬 컴퓨팅,None,"목원대학교 스톡스대학 SW교양학부, 조도은 외 4명",인피니티북스,0.0,0,12600
106,파이썬 코딩 실습(기본편),None,윤현석,좋은땅,0.0,0,22500
107,기계학습 기반의 파이썬 활용,None,"황철현, 정회경",성진미디어,0.0,0,18000
108,파이썬 라이브러리를 활용한 텍스트 분석 (텍스트에서 통찰을 이끌어내는 98가지 자연어 처리 전략),None,"젠스 알브레히트, 싯다르트 라마찬드란 외 1명",한빛미디어,0.0,0,31500
109,파이썬 객체지향 프로그래밍 4/e (다각도로 살펴보는 OOP 시스템),None,"스티븐 로트, 더스티 필립스",에이콘출판,0.0,0,38700
110,누구나 파이썬 통계분석 (통계는 4차 산업혁명 시대의 필수 지식 / 기초이론-수식-파이썬의 3 STEP),None,타니아이 히로키,한빛아카데미,5.0,5,23400
111,신비한 파이썬 프로젝트 (호기심을 풀어보는),None,리본,영진닷컴,0.0,0,21600
112,인공지능 with 파이썬,None,"김현정, 유상현",인피니티북스,0.0,0,19800
113,게임으로 배우는 파이썬 (고전게임을 직접 만들면서 즐겁게 배우는 파이썬),None,다나카 겐이치로,영진닷컴,0.0,0,15300
114,"Do it! 점프 투 파이썬 (이미 50만 명이 ""점프 투 파이썬""으로 시작했다!)",None,박응용,이지스퍼블리싱,0.0,0,16920
115,파이썬 실무 프로그래밍 (시스템/네트워크 관리자를 위한),None,조훈,위키북스,0.0,0,40500
116,파이썬과 수치 해석 2/e (파이썬 수치 해석 레시피),None,로버트 요한슨,에이콘출판,0.0,0,45000
117,파이썬 네트워크 자동화 (가상화 랩 만들기를 통한),None,최병철,에이콘출판,0.0,0,40500
118,파이썬이 보이는 그림책 (국내 최초 그림으로 배우는 프로그래밍 입문서),None,"ANK Co., Ltd.",성안당,0.0,0,15300
119,수학으로 배우는 파이썬 (초등 수학으로 재밌고 쉽게 파이썬 배우기),None,다나카 카즈나리,영진닷컴,0.0,0,11700
120,"파이썬 마이크로서비스 (모범 사례로 알아보는 파이썬 마이크로서비스 개발, 테스트, 배포, 확장까지)",None,타렉 지아드,에이콘출판,0.0,0,31500
121,"파이썬 데이터 분석 입문 (엑셀 및 CSV 파일 처리부터 데이터베이스, 시각화, 통계분석, 자동화까지)",None,클린턴 브라운리,한빛미디어,0.0,0,24300
122,비트코딩 라이트 : 파이썬 (최초의 문제은행식 코딩문제집),None,박해민,햄큐,0.0,0,18000
123,파이썬 디자인 패턴 2/e (디자인 패턴을 사용해 소프트웨어 설계 문제 해결하기),None,체탄 기리다,에이콘출판,0.0,0,13500
124,구글로 공부하는 파이썬 (구글에서 찾는 파이썬 실전 예제 분석),None,김용재,비제이퍼블릭,0.0,0,37800
125,파이썬을 이용한 통계적 머신러닝 (제3판),None,박유성,자유아카데미,0.0,0,32980
126,실전 파이썬 프로그래밍 (오픈 소스 개발자가 알려주는 고급 기법과 실천법),None,줄리안 단주,인사이트,0.0,0,15300
127,"파이썬 성능 높이기 2/e (프로그램 병목 찾기부터 파이썬 구현 선택, 병렬 시스템 확장까지)",None,가브리엘레 라나로,에이콘출판,0.0,0,25200
128,파이썬 웹 스크래핑 2/e (수많은 데이터 사이에서 필요한 정보 수집하기),None,"캐서린 자멀, 리차드 로손",에이콘출판,0.0,0,22500
129,"엔지니어를 위한 파이썬 (개발 기초, 필수 라이브러리, 그리고 고속화)",None,나카쿠키 켄지,제이펍,0.0,0,25200
130,"헬로! 파이썬 프로그래밍 (쉽고 재미있게 프로그래밍 배우기, 개정증보판)",None,"워렌 산데, 카터 산데",위키북스,0.0,0,24300
131,러닝스쿨! 파이썬 교과서 (나의 첫 프로그래밍 교과서),None,쿠지라 히코우즈쿠,위키북스,0.0,0,19800
132,토닥토닥 파이썬 기초편,None,"권상기, 이충권 외 1명",플랜투비아이플러스,0.0,0,22500
133,"파이썬 인 프랙티스 (디자인 패턴, 동시성, 네트워킹, 성능 최적화, GUI 제작기법)",None,마크 서머필드,위키북스,0.0,0,25200
134,파이썬 플레이그라운드 (호기심 많은 프로그래머를 위한 14가지 창의적 프로젝트),None,마헤시 벤키타찰람,에이콘출판,0.0,0,27000
135,"파이썬 병렬 프로그래밍 (threading, multiprocessing, PP, Celery, asyncio 모듈 이해와 활용)",None,얀 팔라흐,에이콘출판,0.0,0,12600
136,파이썬 프로그래밍 개론 (기본 문법부터 객체지향 프로그래밍까지),None,데이비드 슈나이더,에이콘출판,0.0,0,31500
137,국가대표 파이썬 첫걸음 (파이썬으로 코딩 학습을 시작하는 사람들을 위한 친절한 안내서),None,The Coding College Instructors,더코딩칼리지,0.0,0,21420
138,파이썬 기초 프로그래밍 (누구나 쉽게 코딩가능한),None,정경호,일일사,0.0,0,22500
139,파이썬으로 제어하는 마이크로비트,None,북마크,부크크(bookk),0.0,0,9400
140,파이썬 해킹 프로그래밍 (프로그래머라면 누구나 할 수 있는),None,저스틴 지이츠,에이콘출판,0.0,0,22500
141,파이썬 해킹프로그래밍 (게으른 해커의 쉽게 배우는),None,"한상준, 조태남 외 1명",박영사,0.0,0,13860
142,순서도로 배우는 파이썬,None,김종훈,다올미디어,0.0,0,0
143,가즈아! 파이썬 세상으로,None,연두에디션,연두에디션,0.0,0,19000
144,"스파르타! 파이썬 포렌식 (쉽고, 빠르고, 강력한 무기)",None,쳇 호스머,비제이퍼블릭,0.0,0,25200
145,"파이썬 네트워킹 마스터 (실무자를 위한 파이썬 네트워크 자동화, DevOps, SDN 가이드)",None,에릭 추,에이콘출판,0.0,0,31500
146,헬로 파이썬 프로그래밍 (쉽고 재미있게 프로그래밍 배우기),None,워렌 산데,위키북스,0.0,0,0
147,프로젝트로 배우는 파이썬 프로그래밍,None,최덕기,학산미디어,0.0,0,27000
148,"파이썬으로 하는 데브옵스 (자동화, 클라우드, 머신러닝, 데이터 엔지니어링까지)",None,노아 기프트,에이콘출판,0.0,0,36000
149,파이썬으로 배우는 과학계산,None,김웅태,서울대학교출판문화원,0.0,0,33950
150,파이썬으로 데이터 주무르기 (독특한 예제를 통해 배우는 데이터 분석 입문),None,민형기,비제이퍼블릭,5.0,1,24750
151,인공지능과 함께하는 파이썬,None,"복거철, 정회경",성진미디어,0.0,0,15000
152,그림과 함께하는 파이썬 수업,None,"최윤철, 임순범",생능출판,0.0,0,25200
153,파이썬으로 시작하는 캐글 (예제 코드 상세 해설 수록),None,"이시하라 쇼타로, 무라타 히데키",제이펍,0.0,0,16200
154,엑셀Ⅹ파이썬 코드 레시피 125 (퇴근 시간을 앞당겨주는 엑셀 업무자동화를 위한 첫걸음),None,카네히로 카즈미,에이케이커뮤니케이션즈,0.0,0,22500
155,"파이썬으로 배우는 포트폴리오 (금융공학/퀀트 투자의 기초부터 투자 모델, 머신 러닝까지!)",None,곽승주,길벗,0.0,0,23400
156,파이썬으로 코딩하는 물리,None,송오영,21세기사,0.0,0,26100
157,난생처음 파이썬 프로그래밍,None,우재남,한빛아카데미,5.0,3,21600
158,알 스웨이가트의 파이썬 프로젝트 (81개의 실습 예제로 시작하는 파이썬 프로그래밍 입문),None,알 스웨이가트,제이펍,0.0,0,25200
159,모두의 데이터 과학 with 파이썬 (수집 ▶ 정리 ▶ 탐구 ▶ 예측 ▶ 가치로 배우는 기초 데이터 과학),None,드미트리 지노비에프,길벗,0.0,0,19800
160,"파이썬으로 만드는 나만의 게임 (핑퐁, 장애물 피하기, 레이싱, 슈팅 게임 등 다양한 예제로 배우는 파이썬)",None,이수안,비제이퍼블릭,5.0,1,22500
161,프로그래밍의 정석: 파이썬 (제어 구조의 설계 원리를 중심으로 배우는),None,도경구,생능출판,0.0,0,25200
162,프로그래머를 위한 파이썬 (실전 프로젝트로 배우는 소프트웨어 개발의 원리와 정석),None,데인 힐라드,제이펍,0.0,0,22500
163,"엑셀 × 파이썬 업무 자동화 (매크로, VBA는 이제 낡았다!)",None,카네히로 카즈미,인사이트,0.0,0,16200
164,파이썬을 이용한 수치해석,None,"류권규, 이남주",씨아이알,0.0,0,31500
165,입문자를 위한 파이썬 프로그래밍,None,김상근,북스홀릭퍼블리싱,0.0,0,19800
166,파이썬 텍스트 마이닝 완벽 가이드 (자연어 처리 기초부터 딥러닝 기반 BERT 모델까지),None,"박상언, 강주영 외 1명",위키북스,5.0,1,25200
167,금융 데이터를 위한 파이썬 (부동산&주식 데이터 수집ㆍ분석ㆍ활용까지),None,테리엇,비제이퍼블릭,0.0,0,21600
168,파이썬으로 구현한 인공지능,None,박태희,홍릉,0.0,0,23000
169,깐깐하게 배우는 파이썬 3 (기본기를 다져주는 단계별 학습법),None,제드 쇼,인사이트,0.0,0,19800
170,함수형 파이썬 프로그래밍 (파이썬으로 배우는 쉬운 함수형 프로그래밍),None,스티븐 로트,에이콘출판,0.0,0,27000
171,"파이썬 프로그래밍 교과서 (파이썬으로 프로그래밍 입문하기!, 개정3판)",None,"제니퍼 캠벨, 폴 그라이즈 외 1명",길벗,0.0,0,20700
172,파이썬 동시성 프로그래밍 (명료하고 훌륭한 동시성 파이썬 코드 작성하고 개념 이해하기),None,엘리엇 포브스,에이콘출판,0.0,0,27000
173,가장 쉬운 파이썬 입문교실 (파이썬3 버전 호환 | Windows.Mac 함께 설명),None,오오사와 후미타카,영진닷컴,0.0,0,15300
174,특강마스터 파이썬 마스터 3급,None,김상민,렉스미디어닷넷,0.0,0,16200
175,처음 시작하는 파이썬 코딩,None,"문병수, Annie Chong 외 1명",(유)캐멀컨설팅,0.0,0,14400
176,해커의 언어 파이썬 3 입문 (보안 분야에 가장 필요한 파이썬 3 문법 체계),None,오동진,에이콘출판,0.0,0,22500
177,백박스 기반의 파이썬 2.7,None,오동진,에이콘출판,0.0,0,22500
178,파이썬과 비즈니스 자동화 (파이썬 레시피와 함께하는 비즈니스 자동화 프로그래밍 개발),None,체탄 기리다,에이콘출판,0.0,0,27000
179,파이썬으로 시작하는 코딩 (나만의 게임을 만들어 보자!),None,"브라이언 칼링, 말리 아데어",코딩타임,0.0,0,18000
180,"파이썬으로 풀어보는 수학 (코드로 통계, 확률, 미적분과 같은 다양한 수학 탐험하기)",None,아미트 사하,에이콘출판,0.0,0,22500
181,파이썬 for Beginner (쉽고 빠르게 익히는 프로그래밍의 기본 원리),None,우재남,한빛아카데미,4.7,30,22500
182,Getting Start Python(파이썬) (파이썬의 입문부터 응용까지 활용가능!),10월 신간도서,김영아,구민사,0.0,0,23400
183,"머신 러닝 인 파이썬 (파이썬을 활용한, 예측분석을 위한 기계 학습)",None,마이클 보울즈,비제이퍼블릭,0.0,0,24300
184,해커의 언어 치명적 파이썬 (해커 포렌식 분석가 침투 테스터 보안 전문가를 위한 쿡북),None,TJ 오코너,비제이퍼블릭,0.0,0,21600
185,파이썬 라이브러리 레시피 (표준 라이브러리부터 서드파티 패키지까지),None,이케우치 다카히로,프리렉,0.0,0,22500
186,파이썬으로 만드는 인공지능,None,오일석,한빛아카데미,0.0,0,27900
187,파이썬 데이터 과학 통계 학습 (Python Data Science Statistical Learning),None,황보현우,정보문화사,0.0,0,8550
188,쉽게 이해되는 파이썬 프로그래밍,None,"유석종, 창병모",인피니티북스,0.0,0,24300
189,파이썬과 함께하는 AI젯봇 (젯슨나노 활용 포함 | 쉽게 배우는 인공지능!),None,아이씨뱅큐,아이씨뱅큐,0.0,0,22500
190,진짜 코딩하며 배우는 파이썬 (바리스타 프로그램 만들기),None,"서민우, 박준원",앤써북,0.0,0,15930
191,모두의 엔트리 with 엔트리파이썬 (코딩! 블록으로 이해하고 파이썬 코드로 익힌다),None,곽혜미,길벗,5.0,1,16200
192,"쉽게 따라 만드는 파이썬 주식 자동매매 시스템 (증권사 API 사용, 매매전략 구현, 실전 투자 전환까지!)",None,박준성,길벗,4.5,2,13500
193,파이썬으로 무인도 탈출하기 (유튜브 동영상/프로그램 예제 소스  무료 제공),None,박정호,생능출판,0.0,0,12600
194,수학적 모델링 콘텐츠 파이썬 1 (파이썬 수학적 모델링 워크북),None,김준석,지오북스,0.0,0,9900
195,400제로 배우는 파이썬 입문 (취업 성공을 위한 속성 프로세스 + 400제 plus),None,김범준,심통,5.0,1,25200
196,파이썬 네트워크 프로그래밍 (IoT 사물인터넷을 위한),None,"서열규, 전희성",복두출판사,0.0,0,25740
197,비주얼 코딩: 스크래치&파이썬 (10살부터 시작하는 컴퓨터 프로그래밍),None,"캐롤 보더먼, 존 우드콕 외 3명",청어람아이(청어람미디어),0.0,0,17820
198,기본에 집중한 파이썬 프로그래밍,None,손승일,21세기사,0.0,0,27000
199,파이썬 딥러닝 머신러닝 입문 (Python Deep Learning Machine Learning),None,오승환,정보문화사,0.0,0,22500
200,colab에서 파이썬 빅데이터 처리,None,진하수,부크크(bookk),0.0,0,19900
201,"파이썬 GUI 프로그래밍 쿡북 (Tkinter, PyQt5를 활용한 반응형 사용자 인터페이스 개발)",None,부르크하르트 메이어,에이콘출판,0.0,0,31500
202,경영학과 함께하는 파이썬 인공지능,None,"박경욱, 박주영 외 1명",드림미디어,0.0,0,26600
203,파이썬 객체지향 프로그래밍,None,성백균,홍릉,0.0,0,25000
204,컴퓨터사고와 파이썬 프로그래밍,None,김영탁,홍릉,0.0,0,30600
205,통계를 위한 파이썬 프로그래밍,None,김진성,가메,0.0,0,22500
206,파이썬 데이터계산 행렬수학,None,김종률,경문사,0.0,0,28710
207,엑셀 자동화 with 파이썬 (복잡하고 지루한 반복 업무를 쉽고 빠르게 해치우는 방법),None,최은석,위키북스,5.0,1,25920
208,"파이썬 기반 강화학습 알고리듬 (DP, Q-Learning, AC, DQN, TRPO, PPO, DDPG, TD3, Imitation Learning, ESBAS 알아보기)",None,안드레아 론자,에이콘출판,0.0,0,27000
209,파이써닉한 파이썬을 익히는 간결한 안내서,None,데이비드 M. 비즐리,인사이트,0.0,0,25200
210,윤성우의 열혈 파이썬 중급편,None,윤성우,오렌지미디어,0.0,0,14400
211,"파이썬으로 시작하는 머신러닝+딥러닝 (사이킷런(sklearn)을 이용한 머신러닝부터 텐서플로우(TensorFlow), 케라스(Keras)를 이용한 딥러닝 개발까지)",None,강지영,아이리포,0.0,0,19800
212,모두의 파이썬 X 알고리즘(합본호) (누구나 쉽게 배우는 프로그래밍 기초),None,이승찬,길벗,0.0,0,23400
213,파이썬 인공지능 입문+실전: 종합편 (파이썬+넘파이+텐서플로우로 인공지능 딥러닝 직접 구현하기),None,서민우,앤써북,0.0,0,20700
214,Hello Coding 파이썬 (쌩초보의 처음 프로그래밍),None,윤인성,한빛미디어,0.0,0,0
215,"만들면서 배우는 파이썬 하나, 둘, 셋",None,나인섭,연두에디션,5.0,2,18000
216,파이썬으로 웹 크롤러 만들기 (초간단 나만의 웹 크롤러로 원하는 데이터를 가져오는 방법),None,라이언 미첼,한빛미디어,5.0,1,21600
217,모두의 알고리즘 with 파이썬 (컴퓨팅 사고를 위한 기초 알고리즘),None,이승찬,길벗,4.4,14,14400
218,파이썬으로 배우는 영상처리,None,Sandipan Dey,홍릉과학출판사,0.0,0,32670
219,10대를 위한 파이썬 교과서 (컴퓨팅 사고력과 알고리즘 배우기),None,아리스티데스 보우라스,교학사,0.0,0,19800
220,윤성우의 열혈 파이썬 : 기초편,None,윤성우,오렌지미디어,5.0,1,14400
221,파이썬 웹프로그래밍(실전편) (Django(장고)를 활용한 쉽고 빠른 웹 개발),None,김석훈,한빛미디어,5.0,1,28800
222,과학적 컴퓨팅을 위한 파이썬,None,"이정환, 신항식 외 2명",홍릉과학출판사,0.0,0,24750
223,"파이썬(Python): 1학년 (파이썬, 만화와 대화로 공부해 인공지능 앱까지 도전!)",None,모리 요시나오,성안당,0.0,0,15300
224,"파이썬 네트워킹 마스터 2/e (파이썬으로 하는 네트워크 자동화, 데브옵스, 테스트 주도 개발)",None,에릭 추,에이콘출판,0.0,0,31500
225,깔끔한 파이썬 탄탄한 백엔드 (지금까지 없었던 백엔드 개발자를 위한 파이썬),None,송은우,비제이퍼블릭,0.0,0,24300
226,파이썬 기초 & 알고리즘 사고법 (실전 예제를 통한 현실적 알고리즘 학습법!),None,"아리스티데스 보우라스, 루키아 아이나로지두",제이펍,0.0,0,27000
227,더 탄탄하게 배우는 파이썬3 (초짜 파이썬 프로그래머가 다음 단계로 가는 책!),None,제드 쇼,성안당,0.0,0,18000
228,객체지향 파이썬 프로그래밍 (파이썬 고급 기능으로 강력한 애플리케이션 개발),None,스티븐 로트,에이콘출판,0.0,0,40500
229,"파이썬 자료구조와 알고리즘 (기초 튼튼, 핵심 쏙쏙, 실력 쑥쑥)",None,미아 스타인,한빛미디어,0.0,0,19800
230,파이썬 웹 프로그래밍 에센셜,None,김승구,부크크(Bookk),0.0,0,24800
231,파이썬으로 텍스트 분석하기 (전략커뮤니케이션을 위한 텍스트 마이닝),None,"윤태일, 이수안",늘봄,0.0,0,16200
232,[POD] 초간단 파이썬 입문서,None,유채곤,부크크(bookk),0.0,0,9200
233,깐깐하게 배우는 파이썬 없음,None,제드 쇼,인사이트,0.0,0,21600
234,통계학 : 파이썬을 이용한 분석,None,박진호,자유아카데미,0.0,0,29700
235,"파이썬으로 배우는 웹 크롤러 (2018 세종도서 학술부문 선정도서, 파이썬 코드 조각으로 데이터 모으기)",None,박정태,정보문화사,0.0,0,22500
236,파이썬 머신러닝 완벽 가이드 (다양한 캐글 예제와 함께 기초 알고리즘부터 최신 기법까지 배우는),None,권철민,위키북스,0.0,0,34200
237,파이썬 마스터 2급(3급 포함),12월 신간도서,김상민,렉스미디어닷넷,0.0,0,19800
238,"파이썬 한권으로 끝내기: 데이터분석전문가(ADP) + 빅데이터분석기사 실기대비 (국가공인/국가기술 자격, 파이썬의 기초부터 심화까지 모두 잡는 핵심요약, 실제출제경향을 반영한 기출동형 모의고사 3회분)",None,"데싸라면, 빨간색 물고기 외 1명",시대고시기획,4.5,2,17820
239,"파이썬 네트워크 프로그래밍 (IoT 사물인터넷을 위한, 제2판)",None,서열규,복두출판사,0.0,0,24300
240,파이썬을 활용한 비지도 학습 (비구조 데이터로부터 숨겨진 패턴과 관계 찾기),None,"벤자민 존스턴, 애런 존스 외 1명",에이콘출판,0.0,0,31500
241,퀀트 전략 파이썬으로 세워라 (누구나 시작할 수 있는 파이썬 퀀트 투자 첫 단추),None,박준규,비제이퍼블릭,0.0,0,21600
242,파이썬 머신러닝 완벽 가이드 (다양한 캐글 예제와 함께 기초 알고리즘부터 최신 기법까지 배우는),None,권철민,위키북스,0.0,0,0
243,예제로 배우는 컴퓨팅 사고와 파이썬,None,"김성백, 김철민 외 1명",연두에디션,0.0,0,25200
244,파이썬으로 배우는 인공지능 (현실 세계와 지능적으로 상호 작용하는 인공지능 애플리케이션 만들기),None,프라틱 조시,에이콘출판,0.0,0,36000
245,누구나 쉽게 컴퓨팅 사고 with 파이썬 (누구나 쉽게),None,"김현정, 황숙희",길벗캠퍼스,0.0,0,22500
246,파이썬 웹 프로그래밍: 실전편 (Django(장고)를 활용한 쉽고 빠른 웹 개발),None,김석훈,한빛미디어,0.0,0,27000
247,파이썬으로 웹 크롤러 만들기 (초간단 나만의 웹 크롤러로 원하는 데이터를 가져오는 방법),None,라이언 미첼,한빛미디어,0.0,0,0
248,파이썬 데이터 시각화 마스터 (파이썬 패키지를 사용해 효과적으로 정보를 전달하는 매력적인 플롯 만들기),None,키르시 라만,에이콘출판,0.0,0,31500
249,파이썬 2학년 데이터 분석 구조 (데이터 분석 구조),None,모리 요시나오,성안당,0.0,0,15300
250,파이썬으로 구현하는 AI 이해와 활용,None,임호,일진사,0.0,0,19800
251,파이썬으로 배우는 금융 분석 2/e (금융의 기초 개념 이해부터 예제를 통한 계산 활용까지),None,유씽 얀,에이콘출판,0.0,0,34200
252,모두의 데이터 분석 with 파이썬 (실생활 예제로 시작하는 데이터 분석 첫걸음),None,송석리,길벗,5.0,1,16200
253,마이크로비트로 배우는 파이썬 (하드웨어를 동작시키며 진짜 재미있게 배우는 파이썬 입문 활용서!),None,서민우,앤써북,0.0,0,16920
254,머신러닝&딥러닝 with 파이썬 (인공지능 핵심 개념과 사용 사례부터),None,"알베르토 아르타산체스, 프라틱 조시",한빛미디어,5.0,2,15750
255,"파이썬으로 배우는 누구나 코딩 (컴퓨팅 사고력을 위한 최적의 파이썬 프로그래밍, 2020년 세종도서 선정)",None,강환수,도서출판 홍릉(홍릉과학출판사),0.0,0,22500
256,파이썬으로 익히는 말랑말랑 알고리즘 (차근차근 설명하고 막힘없이 이해하는 알고리즘),None,김경록,비제이퍼블릭,0.0,0,27000
257,데이터 시각화 with 파이썬,None,설진욱,아이콕스(iCox),0.0,0,25200
258,컴퓨팅 사고와 파이썬 기초&활용 (비전공자 모두를 위한),None,"박태진, 심갑식",복두출판사,0.0,0,9900
259,중1수학(상) 파이썬 프로그래밍 (자율학기제를 위한 코딩 교육),None,정기철,도서출판 홍릉(홍릉과학출판사),0.0,0,15840
260,시작북 파이썬 (컬러판),None,코딩 코치스,부크크(bookk),0.0,0,11000
261,쏙 들어오는 파이썬 프로그래밍,None,진민,휴먼싸이언스,0.0,0,18000
262,실무자를 위한 파이썬 100제,None,오승환,정보문화사,0.0,0,18000
263,R과 파이썬 머신러닝 어프로치 (연구 논문을 위한),None,강병서,한경사,0.0,0,34650
264,파이썬 라이브러리를 활용한 머신러닝 (사이킷런 핵심 개발자가 쓴 머신러닝과 데이터 과학 실무서),None,"안드레아스 뮐러, 세라 가이도",한빛미디어,4.7,3,29700
265,파이썬 머신러닝 실무 테크닉 100,None,"시모야마 데루마사, 미키 다카유키 외 1명",제이펍,0.0,0,22500
266,금융 데이터 분석을 위한 파이썬 판다스,None,"유대표, 조대표",파이스탁,0.0,0,27000
267,쉽게 배우는 자료구조 with 파이썬,None,문병로,한빛아카데미,5.0,1,26100
268,구글과 파이썬으로 시작하는 보안 (취약점은 이제 끝! 실전 예제와 코드로 배우는 데이터 보호),None,김용재,비제이퍼블릭,0.0,0,29700
269,파이썬 데이터 분석 for Beginner,None,우재남,한빛아카데미,0.0,0,25200
270,손에 잡히는 퀀트 투자 with 파이썬 (파이썬을 활용한 금융 데이터 분석과 퀀트 투자 전략 검증),None,GIL’s LAB,위키북스,0.0,0,28800
271,비즈니스 머신러닝 in 파이썬,None,김형수,프레딕스,0.0,0,28800
272,"작심 3일 파이썬 Python (모두가 배워야 할 Python, 남몰래 3일만 투자하자!)",None,황덕창,스포트라잇북,0.0,0,16200
273,파이썬으로 배우는 컴퓨팅 사고 (문제해결 중심의 파이썬 프로그래밍),None,김완섭,인피니티북스,0.0,0,15300
274,Do it! 점프 투 파이썬: 라이브러리 예제 편 (실무에 쓰는 라이브러리는 이 책에 다 있다!),None,박응용,이지스퍼블리싱,0.0,0,15300
275,파이썬으로 움직이는 EV3 로봇,None,황일규,복두출판사,0.0,0,20680
276,머신러닝을 위한 파이썬 한 조각 (파이썬으로 이해하는 인공지능의 시작),None,박성호,비제이퍼블릭,5.0,1,21600
277,"엑셀, R, 파이썬으로 시작하는 데이터 분석 (데이터 분석의 기본 개념과 3가지 핵심 도구 사용법)",None,조지 마운트,한빛미디어,0.0,0,19800
278,"파이썬과R(2학기, 워크북포함)",None,"심송용, 이윤동 외 1명",한국방송통신대학교출판문화원,5.0,1,14900
279,컴퓨팅 기반 문제해결 with 파이썬,None,장은실,인피니티북스,4.8,5,18000
280,"파이썬 데이터 사이언스 핸드북 (IPython, Jupyter, NumPy, Pandas, Matplotlib, Scikit-Learn 라이브러리를 활용한 데이터 과학과 머신러닝)",None,제이크 밴더플래스,위키북스,0.0,0,34200
281,"파이썬을 활용한 머신러닝 쿡북 (전처리에서 딥러닝까지, 판다스와 사이킷런 중심의 실전 문제 해결 200선)",None,크리스 알본,한빛미디어,0.0,0,28520
282,데이터를 다루며 배우는 파이썬 (Python for Everybody),None,찰스 세브란스,인사이트,0.0,0,16200
283,진짜 쉽고 쓸모 있는 언어 파이썬 (기초부터 라즈베리 파이로 TV 제어에 주크박스까지!),None,최재규,성안당,0.0,0,24300
284,파이썬으로 처음 시작하는 코딩 (초보자를 위한 프로그래밍 기본 원리와 파이썬 기본 사용법 학습을 통한 프로그래밍 입문),None,롭 마일스,에이콘출판,0.0,0,36000
285,실습을 통해 쉽게 배우는 파이썬,None,"임정목, 김도문 외 2명",현우사,0.0,0,17100
286,"파이썬 3로 컴퓨터 비전 다루기 (이미지 인식, 추적, 기계 학습, 비디오 처리, 컴퓨터 비전 웹서비스)",None,사우랍 카푸,에이콘출판,0.0,0,21600
287,파이썬으로 풀어보는 회귀분석 (단순선형회귀분석부터 고급 회귀분석까지),None,"루카 마싸론, 알베르토 보스체티",에이콘출판,0.0,0,27000
288,"파이썬으로 시작하는 데이터 분석 (데이터 분석을 위한 Python 문법부터 데이터 수집, 전처리, 탐색까지)",None,강지영,아이리포,0.0,0,19800
289,쉽게 배우는 파이썬 프로그래밍,None,이상부,글로벌,0.0,0,14400
290,파이썬 모의 해킹과 침투 테스팅,None,모히트,에이콘출판,0.0,0,18000
291,웹 크롤링 & 데이터 분석 with 파이썬,None,장철원,인사이트,0.0,0,18000
292,필수 알고리즘 with 파이썬 (핵심 개념과 실전 문제로 마스터하는),None,박선주,영진닷컴,0.0,0,14400
293,마야 파이썬 - 3D를 위한 파이썬,None,신동선,퍼플,0.0,0,25000
294,파이썬을 이용한 빅데이터 분석,None,"유성준, 구영현 외 3명",21세기사,0.0,0,22500
295,"파이썬으로 배우는 컴퓨팅사고 (STEAM, 이젠 파이썬으로 코딩한다)",None,"김진일, 윤장혁",연두에디션,0.0,0,0
296,코딩 부트캠프 with 파이썬 (파이썬 기초 문법부터 웹 애플리케이션 제작까지 실습하며 배운다!),None,유모토 미치타카,길벗,0.0,0,18000
297,파이썬으로 배우는 머신러닝 입문 (딥러닝에서 적대적 생성 네트워크까지!),None,오제키 마사유키,성안당,0.0,0,17820
298,파이썬 for Beginner (쉽고 빠르게 익히는 프로그래밍의 기본 원리),None,우재남,한빛아카데미,0.0,0,23000
299,Do it! 첫 코딩 with 파이썬 (보통 사람이 알아야 할 프로그래밍 기초),None,정동균,이지스퍼블리싱,4.7,3,16200
300,"한권으로 파이썬과 드론 날로 먹기 (파이썬의 기초문법, 응용 예제가 한권에 | 파이썬 첫걸음을 드론과 함께)",None,"이현종, 박재일",잇플,0.0,0,16200
301,파이썬으로 쉽게 풀어쓴 자료구조,None,"최영규, 천인국",생능출판,0.0,0,24300
302,"파이썬 활용 산업응용수학의 기본 (ELS주가연계증권, 이미지분할, 전염병모델, 대류확산방정식)",None,김준석,지오북스,0.0,0,13500
303,파이썬을 이용한 공학 프로그래밍 (의료용 영상 데이터와 생체 신호 분석을 파이썬으로!),None,"손재범, 정의성 외 3명",성안당,0.0,0,19800
304,어서와 파이썬은 처음이지!,None,천인국,인피니티북스,4.8,9,26100
305,파이썬 for Beginner (쉽고 빠르게 익히는 프로그래밍의 기본 원리),None,우재남,한빛아카데미,0.0,0,0
306,파이썬을 이용한 통계적 머신러닝 (제2판),None,박유성,자유아카데미,0.0,0,31680
307,잡아라! 텍스트 마이닝 with 파이썬 (지금 바로 할 수 있는 데이터 추출과 분석),None,서대호,비제이퍼블릭,0.0,0,15300
308,비공대생을 위한 코딩 첫걸음 with 파이썬,None,김일민,한성대학교출판부,0.0,0,18000
309,코딩 테스트로 시작하는 파이썬 프로그래밍 (25가지 기출문제 상세 코드 & 개념 강화를 위한 연습문제 수록),None,다니엘 진가로,영진닷컴,0.0,0,21600
310,"Do it! 파이썬 생활 프로그래밍 (문자열가공, CSV파일처리, 통계분석, 웹크롤링까지 내 손으로 직접 만든다!)",None,김창현,이지스퍼블리싱,5.0,2,18000
311,파이썬으로 시작하는 컴퓨터 프로그래밍,None,조동영,한빛아카데미,0.0,0,22500
312,파이썬으로 배우는 자료구조 프로그래밍,None,유석종,휴먼싸이언스,0.0,0,22500
313,파이썬을 이용한 알고리즘 트레이딩 (아이디어 도출부터 클라우드 배포까지),None,이브스 힐피쉬,제이펍,0.0,0,26100
314,파이썬과 함께 배우는 미분방정식,None,도진환,퍼플,0.0,0,9600
315,파이썬으로 시작하는 한국어 정보 검색과 자연어 처리 (한글 프로그래밍과 자연어 처리 핵심 알고리즘),None,박건숙,노드미디어,0.0,0,38700
316,이공학을 위한 파이썬 프로그래밍 (기초에서 이공학 응용까지 한권으로 끝),None,정동호,내하출판사,0.0,0,19800
317,파이썬을 이용한 딥러닝/강화학습 주식투자 (파이토치와 케라스를 활용한 인공지능 퀀트 투자 시스템),None,퀀티랩,위키북스,4.5,2,27000
318,파이썬으로 배우는 딥러닝 교과서 (이미지 인식 모델을 만들면서 익히는 딥러닝),None,이시카와 아키히코,한빛미디어,0.0,0,34200
319,파이썬과 함께 하는 수학 어드벤처 (파이썬과 프로세싱으로 수학 개념 이해하기),None,피터 파렐,에이콘출판,0.0,0,27000
320,돈 되는 파이썬 인공지능 프로그래밍 (회사 매출을 올리는 AI 도입과 활용법),None,아카이시 마사노리,위키북스,0.0,0,21600
321,파이썬에 참 좋은 PyCharm (나에게 가장 필요한 파이썬 개발 환경 구축하기),None,테리엇,비제이퍼블릭,0.0,0,20700
322,"파이썬으로 배우는 통계학 교과서 (기초 이론부터, 모델, 머신러닝까지)",None,바바 신야,한빛미디어,0.0,0,27000
323,코딩 클럽 LV 2: 본격 파이썬 입문 (내가 직접 만드는 파이썬 프로그램),None,크리스 로피,한빛미디어,0.0,0,9000
324,파이썬을 활용한 데이터 분석과 응용,None,"이성건, 강현철",자유아카데미,5.0,1,29400
325,파이썬을 이용한 통계적 머신러닝,None,박유성,자유아카데미,0.0,0,28710
326,처음 시작하는 파이썬 프로그래밍,None,김민규,가메,0.0,0,16200
327,"파이썬 핵심 개발자들과의 인터뷰 (파이썬 커뮤니티 코어 개발자들이 말하는 파이썬의 과거, 현재 그리고 미래)",None,마이크 드리스콜,터닝포인트,0.0,0,16920
328,자료분석을 위한 파이썬 프로그램,None,박진표,경남대학교출판부,0.0,0,25000
329,실전 스케일링 파이썬 프로그래밍 (오픈 소스 개발자들에게 배우는 대규모 파이썬 개발 노하우),None,줄리안 단주,인사이트,0.0,0,17100
330,파이썬을 활용한 금융공학 레시피 (문과생의 코딩 울렁증과 이과생의 금융 울렁증을 한 방에 씻어줄 금융공학 사이다),None,김용환,한빛미디어,0.0,0,25200
331,알기쉬운 파이썬 SQL 코딩하기 (비전공자도 쉽게 배우는 SQL),None,정현희,크라운출판사,0.0,0,12830
332,창의적 프로그래밍을 위한 파이썬,None,한혁수,생능출판사,0.0,0,20700
333,파이썬을 활용한 데이터 길들이기 (데이터 전처리 효율화 전략),None,"캐서린 자멀, 재클린 카질",인사이트,0.0,0,29700
334,프로그래밍이 보인다! 파이썬 입문,None,제이미 챈,에이콘출판,0.0,0,12600
335,파이썬을 사용한 프로그래밍 입문,None,채진석,정익사,0.0,0,23000
336,"파이썬을 이용한 컴퓨터 과학 입문 (이공계를 위한 프로그래밍, 자료구조, 알고리즘)",None,"로버트 세지윅, 케빈 웨인 외 1명",길벗,0.0,0,43200
337,파이썬을 활용한 딥러닝 전이학습 (Transfer Learning으로 빠르고 손쉽게 구축하는 고급 딥러닝 모델),None,"디파니안 사르카르, 러그허브 발리 외 1명",위키북스,0.0,0,27000
338,알기 쉬운 파이썬 SQL 코딩하기,None,정현희,크라운출판사,0.0,0,13500
339,"파이썬을 이용한 데이터 분석의 정석 (넘파이, 판다스, 맷플롯립과 실전 예제로 배우는)",None,채진석,루비페이퍼,0.0,0,28800
340,파이썬을 활용한 생명정보학 2/e,None,티아구 안타오,에이콘출판,0.0,0,32400
341,자연어 처리 쿡북 with 파이썬 (파이썬으로 NLP를 구현하는 60여 가지 레시피),None,"크리슈나 바브사, 나레쉬 쿠마르 외 1명",에이콘출판,0.0,0,27000
342,암호 해킹으로 배우는 파이썬의 기초 (암호학과 파이썬을 함께 배우자),None,알 스웨이가트,에이콘출판,0.0,0,31500
343,파이썬 자연어 처리의 이론과 실제 (효율적인 자연어 처리를 위한 머신 러닝과 딥러닝 구현하기),None,잘라지 트하나키,에이콘출판,0.0,0,31500
344,"데이터 분석 실무 with 파이썬 (마케팅, 영업, 기획 실무 담당자를 위한 데이터 분석의 기술)",None,이형석,위키북스,0.0,0,24300
345,파이썬(열혈강의)(개정판 VER.2) (개정판),None,이강성,프리렉,0.0,0,0
346,파이썬 코딩 수학 with 딥러닝 (수학적 사고력 향상을 위한),None,박경원,정보문화사,5.0,1,13500
347,알고리즘과 자료구조(자바+파이썬) (Java와 Python 예제로 익히는 알고리즘 프로그래밍),None,조민호,정보문화사,0.0,0,13500
348,암호화폐 자동매매 시스템 만들기 with 파이썬 (대량의 시뮬레이션과 최적화 전략까지),None,정성문,로드북,5.0,1,31500
349,파이썬을 이용한 데이터 분석 2/e (다양한 파이썬 라이브러리와 소프트웨어를 활용한 데이터 사이언스의 이해),None,아르만도 판당고,에이콘출판,0.0,0,27000
350,"파이썬을 이용한 비트코인 자동매매 (실시간 자동매매 시스템 개발 입문, 개정판)",None,"조대표, 유대표",파이스탁,5.0,3,24300
351,파이썬으로 배우는 소프트웨어와 인공지능,None,"조행래, 윤종희 외 2명",영남대학교출판부,0.0,0,24250
352,"파이썬으로 배우는 실전 알고리즘 (물리, 생물, 재무 등 다양한 분야의 응용 예제 구현)",None,마시모 디 피에로,프리렉,0.0,0,25200
353,컴퓨팅 사고와 소프트웨어 with 파이썬,None,"성태응, 홍정희 외 1명",인피니티북스,0.0,0,22500
354,파이썬으로 배우는 자료 구조 핵심 원리 (핵심 개념과 동작 원리로 이해하는 자료 구조),None,양태환,길벗,0.0,0,19800
355,파이썬 웹 프로그래밍 에센셜 개정판 (개정판),None,김승구,부크크(Bookk),0.0,0,0
356,파이썬 머신러닝 판다스 데이터 분석,None,오승환,정보문화사,0.0,0,22500
357,"21개의 작고 재미난 파이썬 프로젝트 (프로그래밍 스킬, 새로운 알고리즘, 테스트 주도 개발을 배우다)",None,켄 유엔스-클락,제이펍,0.0,0,27000
358,코드업과 함께 하는 파이썬 & 문제 해결 (누구나 쉽게 배우는 프로그래밍 입문서),None,"배준호, 정웅열 외 2명",삼양미디어,5.0,1,14400
359,"파이썬으로 배우는 게임 개발: 입문편 (퀴즈, 주사위, 제비 뽑기, 미로, 진단 애플리케이션, 블록 낙하 퍼즐, RPG 등을 만들며 배운다!)",None,히로세 츠요시,제이펍,0.0,0,25200
360,김변수와 시작하는 코딩생활 with 파이썬,None,코뮤니티 운영진(휴몬랩),영진닷컴,0.0,0,16200
361,"파이썬으로 배우는 게임 개발: 실전편 (장애물 피하기, 닷잇 액션, 맵 에티터, 탄막 슈팅)",None,히로세 츠요시,제이펍,0.0,0,27000
362,파이썬·케라스로 시작하는 AI기초 (구글 코랩 활용),None,천상훈,복두출판사,0.0,0,14100
363,파이썬으로 배우는 디지털 신호처리 (파이썬으로 배우는),None,하석운,생능출판사,0.0,0,23400
364,파이썬과 케라스로 배우는 강화학습 (내 손으로 직접 구현하는 게임 인공지능),None,이의령,위키북스,0.0,0,25200
365,파이썬과 함께 배우는 신호와 시스템 (개정판),None,남승현,홍릉,0.0,0,27720
366,"파이썬으로 배우는 수치 데이터 처리 (AI, Deep Learning, BigData 처리를 위한 PYTHON 필수 라이브러리 기초)",None,김민규,가메,0.0,0,19800
367,파이썬 데이터 전처리 및 탐색 라이브러리,None,허진경,부크크(bookk),0.0,0,29400
368,데이터 분석을 위한 파이썬 철저 입문 (기초 문법부터 실무에 필요한 데이터 분석 기술까지 한 번에 배우는),None,최은석,위키북스,0.0,0,25200
369,"파이썬으로 데이터 마이닝 시작하기 (데이터의 수집, 로딩, 변환, 클러스터링, 예측까지)",None,나단 그리넬치,에이콘출판,0.0,0,18900
370,파이썬으로 배우는 초중등 교과서 1 (즐겁게 시작하고 똑똑하게 끝내는 코딩 교과서),None,김정욱,루비페이퍼,0.0,0,16200
371,파이썬으로 배우는 초중등 교과서 2 (즐겁게 시작하고 똑똑하게 끝내는 코딩 교과서),None,김정욱,루비페이퍼,0.0,0,16200
372,IT 비전공자를 위한 돈 버는 파이썬 코딩 (N잡러 자동부업 수익창출),None,비현코,디지털북스,5.0,1,16200
373,파이썬으로 배우는 프로그래밍 기초 (거북이 그래픽으로 따라하는 재미있는 코딩),None,"임좌상, 조용주",인피니티북스,0.0,0,20700
374,"파이썬으로 배우는 데이터 과학 2/e (파이썬의 주요 패키지부터 머신 러닝, 시각화에 이르기까지 데이터 과학의 핵심을 한번에)",None,"알베르토 보스체티, 루카 마싸론",에이콘출판,0.0,0,27000
375,배프의 오지랖 파이썬 웹프로그래밍 (Django(장고)로 쉽게 배우는),None,배프,디지털북스,0.0,0,19800
376,예제 중심의 Python 파이썬 3 (쉽고 재미있는 프로그래밍 언어),None,최용,인피니티북스,0.0,0,22500
377,COS Pro 2급 파이썬 (교재+모의고사) (프로그래머를 향한 출발점),None,남재윤,길벗,0.0,0,16200
378,파이썬으로 배우는 프로그래밍 기초 (소프트웨어 교양 | 누구나 할 수 있는 가장 쉬운 프로그래밍 입문서),None,크리스 로피,한빛아카데미,0.0,0,11700
379,마인크래프트와 함께 즐겁게 파이썬 (게임으로 재미있게 배우는 코딩과 알고리즘),None,최일선,비제이퍼블릭,0.0,0,23400
380,파이썬으로 배우는 응용 텍스트 분석 (언어 인식 데이터 제품 개발을 위한 머신러닝),None,"벤자민 벵포트, 레베카 빌브로 외 1명",제이펍,0.0,0,24300
381,파이썬에 기반한 케라스 딥러닝 실전 (파이썬에 기반한),None,"씨에량, 루잉 외 1명",광문각,0.0,0,24300
382,파이썬 날코딩으로 알고 짜는 딥러닝 (프레임워크 없이 단층 퍼셉트론에서 GAN까지),None,윤덕호,한빛미디어,0.0,0,40500
383,파이썬으로 배우는 대규모 머신 러닝 (대규모 데이터 분석과 처리를 위한 다양한 머신 러닝 기법 활용),None,"바스티앙 스야딘, 루카 마싸론 외 1명",에이콘출판,0.0,0,31500
384,파이썬을 활용한 스파크 프로그래밍 (빅데이터 분석을 위한 스파크 활용법),None,제프리 에이븐,에이콘출판,0.0,0,27000
385,효율적 개발로 이끄는 파이썬 실천 기술 (파이썬에 숨겨진 힘을 이용해 개발 효율을 높이자!),None,스야마 레이,제이펍,0.0,0,19800
386,입문에서 실무까지 완벽 정리 파이썬,None,"임정목, 정진영 외 2명",현우사,0.0,0,21600
387,파이썬으로 구현하는 고급 머신 러닝 (딥러닝을 포함한 최신 고급 머신 러닝 기술과 파이썬 활용),None,존 하티,에이콘출판,0.0,0,29700
388,초등 교과수학코딩 with 파이썬,None,하 우 홍,부크크(Bookk),0.0,0,0
389,"파이썬을 활용한 부동산 데이터 분석 (파이썬 기초부터 실제 부동산 데이터를 활용한 매매분석, 수요예측, 시각화)",None,박준규,위키북스,0.0,0,0
390,파이썬과 함께하는 자료구조의 이해,None,양성봉,생능,0.0,0,22500
391,파이썬과 케라스로 배우는 강화학습 (내 손으로 직접 구현하는 게임 인공지능),None,"이의령, 양혁렬 외 2명",위키북스,0.0,0,0
392,파이썬을 이용한 비트코인 자동매매 (실시간 자동매매 시스템 개발 입문),None,유부장,파이스탁,0.0,0,24300
393,예제로 배우는 파이썬 데이터 시각화 (파이썬초심자부터다양한데이터시각화예제학습이필요한독자들을위한필독서),None,이고 밀로바노빅,에이콘출판,0.0,0,30000
394,"머신 러닝 부트캠프 with 파이썬 (분류, 회귀 구현 방법과 실전 예제를 통해 제대로 된 학습 방법을 배운다!)",None,주식회사 시스템 계획 연구소,길벗,0.0,0,19800
395,파이썬 GUI 프로그래밍 쿡북 2/e (파이썬 3로 쉽고 빠르게 GUI 개발하기),None,부르크하르트 메이어,에이콘출판,0.0,0,31500
396,배워서 바로 써먹는 데이터 분석 with 파이썬,None,설진욱,생능북스,0.0,0,23400
397,"한권으로 파이썬과 드론 날로먹기: 인공지능편 (파이썬의 기초문법, 응용 예제가 한권에)",None,"이현종, 박재일",잇플,5.0,2,96300
398,The Python - 파이썬 프로그래밍,None,허진경,부크크(bookk),0.0,0,32000
399,왕초보! 파이썬 배워 크롤러 DIY 하다!,None,"서진수, 최경우",더알음,0.0,0,0
400,파이썬으로 완성하는 비지도 학습 알고리즘 (비감독 모형과 텐서플로 2를 이용한 전처리 기법의 머신러닝 구현),None,송동근,비제이퍼블릭,0.0,0,30600
401,난생처음 컴퓨팅 사고 with 파이썬,None,김명호,한빛아카데미,5.0,1,20700
402,파이썬을 활용한 소프트웨어 아키텍처 (견고하고 확장 가능한 애플리케이션 아키텍처 설계),None,아난드 발라찬드라 필라이,에이콘출판,0.0,0,36000
403,생각대로 PYTHON 파이썬 첫걸음 (파이썬 성장 프로젝트 | 파이썬 기초부터 인공지능까지),None,"전현희, 강희숙 외 2명",잇플ITPLE,0.0,0,20700
404,Introduction to 파이썬 (338 예제로 완성하는 파이썬),None,황재호,인포앤북,0.0,0,22500
405,"파이썬 데이터 분석 실무 테크닉 100 (100가지 예제로 배우는 데이터 가공, 머신러닝, 이미지/자연어 처리의 기술)",None,미키 타카유키,위키북스,0.0,0,23400
406,파이썬 코딩 실습(연구활용 대기과학편),None,윤현석,좋은땅,0.0,0,22500
407,"코딩천재의 비법노트 3단계: 파이썬, HTML과 CSS (코딩과 친해지는 가장 완벽한 방법)",None,브레인 퀘스트,우리학교,0.0,0,11700
408,딥러닝 머신러닝을 위한 파이썬 넘파이 (선형대수를 파이썬으로 이해하기),None,문용준,잇플,0.0,0,31500
409,인공지능 100점을 위한 파이썬 수학 (고등학교 수학으로 이해하는 인공지능),None,임성국,비제이퍼블릭,0.0,0,21600
410,초보자도 간단히 단숨에 배우는 파이썬 (쉽게 빠르게 편하게 시작하는 프로그래밍 입문),None,김용,터닝포인트,0.0,0,14220
411,파이썬 기반의 natural 컴퓨팅,None,잔카를로 자코네,홍릉,0.0,0,29700
412,바이오파이썬으로 만나는 생물정보학 (파이썬 프로그래밍을 통해 풀어보는 생명의 구조),None,한주현,비제이퍼블릭,0.0,0,23400
413,파이썬으로 배우는 소프트웨어 디자인 (디자인 사고 및 컴퓨팅 사고의 이해와 응용),None,김홍준,인피니티북스,0.0,0,19400
414,파이썬으로 배우는 자연어 처리 인 액션,None,"홉슨 레인, 하네스 막스 하프케 외 1명",제이펍,0.0,0,31500
415,파이썬 예제와 함께하는 강화학습 입문 (OpenAI GYM과 TensorFlow 실습 가이드),None,수다르산 라비찬디란,홍릉과학출판사,0.0,0,22000
416,"모두의 라즈베리 파이 with 파이썬 (누구나 쉽게 배우는 전자 회로 공작과 사물 인터넷 파이썬 프로그래밍, 개정판)",None,"이시이 모루나, 에사키 노리히데",길벗,0.0,0,23400
417,파이썬으로 시작하는 라즈베리파이 3 (개정판),None,김경신,복두출판사,0.0,0,15040
418,파이썬 튜토리얼 개발자를 위한 파이썬 (개발자를 위한 파이썬),None,장혜진,홍릉과학출판사,0.0,0,29760
419,데이터 과학을 위한 파이썬 프로그래밍,None,최성철,한빛아카데미,0.0,0,22500
420,누구나 쉽게 배우는 파이썬 프로그래밍,None,제이슨 R. 브리그스,비제이퍼블릭,0.0,0,24300
421,"Try! helloworld 파이썬 (하루 15분, 누구나 프로그래밍을 할 수 있다!)",None,"정윤원, 정두식",길벗,0.0,0,16200
422,파이썬으로 시작하는 컴퓨터 과학 입문,None,존 M. 젤,인사이트,0.0,0,27000
423,파이썬으로 배우는 수학적 프로그래밍 (이산 수학의 개념과 구조를 활용한 효율적 사고),None,알란 M. 스테이블리,프리렉,0.0,0,22500
424,파이썬을 활용한 네트워크 프로그래밍 (개발자와 관리자를 위한 효율적인 네트워크 애플리케이션 개발),None,파루크 사커,에이콘출판,0.0,0,27000
425,파이썬 딥러닝으로 시작하는 이상 징후 탐지 (한국어판),None,"Sridhar Alla, Suman Kalyan Adari",홍릉,0.0,0,36630
426,파이썬으로 배우는 알고리즘 트레이딩 (내 손으로 만드는 자동 주식 거래 시스템),None,조대표,위키북스,0.0,0,25200
427,모의 침투 입문자를 위한 파이썬 3 활용 (파이썬 3 기반의 TCP/IP 활용 지침서),None,오동진,에이콘출판,0.0,0,22500
428,파이썬으로 다시 배우는 핵심 고등 수학 (수포자 프로그래머를 위한 손에 잡히는 기초 수학),None,타니지리 카오리,위키북스,0.0,0,15750
429,"파이썬으로 배우는 머신러닝의 교과서 (그림으로 이해하고 코드로 확인하는 머신러닝, 딥러닝 기초)",None,이토 마코토,한빛미디어,0.0,0,26100
430,누구나 파이썬 너도 데이터 가지고 놀 수 있어! 1 (독특하고 재이있는 예제로 파이썬을 시작하고 싶다면),None,민형기,잇플,0.0,0,16200
431,컴퓨팅 사고력을 키우는 SW 교육: 파이썬 (컴퓨팅 사고력을 키우는 SW 교육),None,우재남,한빛아카데미,0.0,0,19800
432,파이썬 라이브러리를 활용한 머신러닝 (사이킷런 핵심 개발자가 쓴 머신러닝과 데이터 과학 실무서),None,"안드레아스 뮐러, 세라 가이도",한빛미디어,0.0,0,28800
433,모두의 라즈베리 파이 with 파이썬 (누구나 쉽게 배우는 전자 회로 공작과 파이썬 프로그래밍),None,이시이 모루나,길벗,0.0,0,22500
434,누구나 파이썬 너도 데이터 가지고 놀 수 있어! 1 (너도 데이터 가지고 놀 수 있어!),None,민형기,토마토북,0.0,0,14400
435,파이썬으로 배우는 알고리즘 트레이딩 (내 손으로 만드는 자동 주식 거래 시스템),None,조대표,위키북스,0.0,0,0
436,빠르게 활용하는 파이썬 3.2 프로그래밍 (개정증보판),None,"최동진, 우상정",위키북스,0.0,0,25200
437,RESTful 파이썬 웹 서비스 제작 (장고 플라스크 토네이도와 함께 하는 RESTful 웹 서비스),None,가스통 힐라,에이콘출판,0.0,0,0
438,공학 모델링을 위한 파이썬 프로그래밍,None,"Philip Nelson, Jesse M. Kinder",휴먼싸이언스,0.0,0,18000
439,사이버파이로 배우는 파이썬 인공지능 코딩 (파이썬에 인공지능 더하기),None,이현주,슈퍼트랙,0.0,0,22500
440,한권으로 파이썬과 드론 날로먹기: 인공지능 편,None,"이현종, 박재일",잇플,0.0,0,20700
441,"Hello 실전 파이썬 프로그래밍 world (게임 개발, 데이터 분석, 인공지능 제어까지 학습하는)",None,조상철,혜지원,0.0,0,19800
442,데이터 과학 기반의 파이썬 빅데이터 분석,None,이지영,한빛아카데미,5.0,1,25200
443,한 권으로 끝내는 아두이노와 파이썬으로 52개 작품 만들기 (기초 프로젝트와 융합 작품 그리고 인공지능 작품까지),None,"장문철, 박준원",앤써북,0.0,0,19800
444,파이썬(Python) 2학년 스크래핑의 구조 (체험으로 배우고! 대화 형식으로 공부!),None,모리 요시나오,성안당,5.0,1,10350
445,Let’s Get IT 파이썬 프로그래밍 (데이터 분석 프로젝트로 프로그래밍 사고력 기르기),None,안지혜,길벗,5.0,4,19800
446,"핸즈온 파이썬을 이용한 설명가능한 AI(XAI) (공정하고, 안전하며, 믿을 수 있는 AI 애플케이션을 위한, 신뢰할 만한 AI 해석, 시각화 설명 및 통합핸즈온)",None,Denis Rothman,DK로드북스,0.0,0,39900
447,"머신 러닝을 위한 수학 with 파이썬, R (딥러닝에 필요한 수학만 골라 담았다!)",None,이원상,길벗,5.0,1,21600
448,파이썬 딥러닝 케라스(Python Deep Learning Keras) (Python Deep Learning Keras),10월 신간도서,조한성,정보문화사,0.0,0,25200
449,엑셀과 비교하며 배우는 파이썬 데이터 분석,None,장쥔홍,제이펍,5.0,1,21600
450,보통의 취준생을 위한 코딩 테스트 with 파이썬 (백준 플래티넘 5 &코드포스 파란색 랭크 달성하기),None,권국원,로드북,0.0,0,27000
451,이것이 데이터 분석이다 with 파이썬 (파이썬으로 배우는 데이터 분석 입문),None,윤기태,한빛미디어,0.0,0,24200
452,Tkinter 기반 파이썬 비주얼 프로그래밍 (Tkinter 기반),None,"김병만, 이광엽 외 1명",홍릉,0.0,0,17100
453,"파이썬 라이브러리를 활용한 데이터 분석 (영화 평점, 이름 통계, 선거 데이터 등 실사례 사용, 2판)",None,웨스 맥키니,한빛미디어,5.0,1,31500
454,딱 하루에 끝내는 파이썬 핵심기초 (컬러판),None,더 코딩 칼리지,부크크(bookk),0.0,0,12700
455,퍼즐로 배우는 알고리즘: with 파이썬 (21가지 퍼즐을 풀면서 배우는 알고리즘과 프로그래밍의 원리),None,SRINI DEVADAS,영진닷컴,0.0,0,18000
456,"고전 컴퓨터 알고리즘 인 파이썬 (피보나치 수열부터 보드게임까지, 알고리즘으로 풀어보는 고전 문제 43선)",None,데이비드 코펙,한빛미디어,0.0,0,22500
457,파이썬 비동기 라이브러리 Asyncio (대규모 병행성 작업을 위한 비동기 프로그래밍),None,케일럽 해팅,한빛미디어,0.0,0,16200
458,코딩 클럽 LV 4: 파이썬 프로그래밍 아트 (파이썬으로 그리는 세상),None,크리스 로피,한빛미디어,0.0,0,9000
459,왕초보를 위한 파이썬 프로그래밍 입문서,None,Dave Lee,아티오,0.0,0,10800
460,"파이썬으로 배우는 블록체인 구조와 이론 (비트코인, 암호학, 전자지갑, 트랜잭션, 채굴의 원리와 구현)",None,조성현,위키북스,0.0,0,19800
461,트위스티드 : 파이썬 네트워크 프로그래밍 (파이썬 네트워크 프로그래밍),None,"제시카 맥켈러, 아베 페티그",인사이트,0.0,0,16200
462,파이썬과 NumPy로 배우는 선형대수 (파이썬 라이브러리로 쉽게 구현하는 수치해석 프로그래밍),None,이정주,비제이퍼블릭,0.0,0,23400
463,"Flask 기반의 파이썬 웹 프로그래밍 (생산성을 보장하면서도 가벼운 웹 프레임워크, 플라스크!)",None,이지호,제이펍,0.0,0,29700
464,코딩 클럽 LV 1: 모두를 위한 파이썬 기초 (저는 코딩도 파이썬도 처음인데요!),None,크리스 로피,한빛미디어,0.0,0,9000
465,파이썬을 활용한 기초컴퓨터프로그래밍,None,유영한,부산대학교출판부,0.0,0,23760
466,파이썬 데이터 시각화의 입문과 활용 세트 (파이썬 데이터 시각화 마스터 + 예제로 배우는 파이썬 데이터 시각화),None,키르시 라만,에이콘출판,0.0,0,58000
467,파이썬 라이브러리를 활용한 데이터 분석 (지진 데이터 시각화 선거와 인구통계 분석 등 실사례 사용),None,웨스 맥키니,한빛미디어,0.0,0,0
468,AWS로 시작하는 AI 서비스 with 파이썬,None,이노우에 켄이치,영진닷컴,5.0,2,19800
469,파이썬과 주피터 노트북 기반의 SAS Viya,None,강봉주,자유아카데미,0.0,0,31350
470,"파이썬 기초의 모든 것, 14개의 코딩 이야기!",None,"박영호 (풀이), 이병재",교학사,0.0,0,10800
471,파이썬 OpenCV를 이용한 영상처리 (컬러판),None,허진경,부크크(bookk),0.0,0,25000
472,"파이썬을 활용한 지리공간 분석 마스터하기 (GeoDjango, CARTOframes, MapboxGL-Jupyter를 활용한 GIS 프로세싱)",None,"폴 크릭커드, 에릭 반 리스 외 1명",에이콘출판,0.0,0,36000
473,창의적 문제 해결을 위한 파이썬 프로그래밍,None,"김진일, 윤장혁",연두에디션,0.0,0,20700
474,파이썬으로 만드는 OpenCV 프로젝트 (간단한 영상 입출력부터 머신러닝까지),None,이세우,인사이트,0.0,0,32400
475,Hello Coding 한입에 쏙 파이썬 (크리에이터 김왼손의 쉽고 빠른 파이썬 강의),None,"김왼손, 김태간",한빛미디어,0.0,0,13500
476,컴퓨터 사이언스 부트캠프 with 파이썬 (자료 구조와 알고리즘으로 배우는 컴퓨터 과학 기초!),None,양태환,길벗,0.0,0,21600
477,코딩 클럽 LV 3: 제대로 된 파이썬 앱 만들기 (파이썬으로 만드는 게임 프로그램),None,크리스 로피,한빛미디어,0.0,0,9000
478,마인크래프트로 배우는 파이썬 프로그래밍,None,크레이그 리처드슨,제이펍,0.0,0,22500
479,"파이썬을 이용한 실전 프로그래밍(한국어판) (응용프로그램 개발을 중심으로, 2판)",None,Ljubomir Perkovic,홍릉과학출판사,0.0,0,34650
480,아두이노와 피지컬 컴퓨팅 with 파이썬,None,"이원규, 김자미 외 1명",교학사,0.0,0,14400
481,파이썬으로 만드는 서버리스 애플리케이션 (24시간 사용 가능한 효율적인 웹 애플리케이션 개발),None,잘렘 라지 로히트,에이콘출판,0.0,0,22500
482,"파이썬으로 배우는 데이터 과학 입문과 실습 (소규모 데이터셋 처리부터 빅데이터 처리, 머신러닝, 시각화까지)",None,"데이비 실린, 아르노 메이즈맨 외 1명",위키북스,0.0,0,24300
483,쉽게 배우는 파이썬 with 컴퓨팅 사고력,None,"황혜정, 유현수 외 2명",글로벌,0.0,0,18000
484,파이썬으로 실무에 바로 적용하는 머신 러닝,None,강봉주,에이콘출판,0.0,0,27000
485,컴퓨터 사고력 향상을 위한 데이터 구조 및 알고리즘: 파이썬 편 (컴퓨팅 사고력 향상을 위한),None,정인기,홍릉,0.0,0,24300
486,누구나 쉽게 따라하는 인공지능 (feat. 파이썬) (핵심만 쏙쏙 담은 생활밀착형 인공지능 입문서),None,이용권,씨마스21,5.0,1,18900
487,"파이썬을 제대로 활용해보려고 해(입문 + 활용) (파이썬 설치부터 업무자동화, 웹페이지 제작, 데이터 크롤링까지)",12월 신간도서,"최용, 스타트코딩",패스트캠퍼스,0.0,0,17820
488,파이썬 코드로 배우는 Git & Github (협업하는 개발자를 위한 버전 관리 지침서),None,유광명,영진닷컴,0.0,0,18000
489,생활코딩 머신러닝 실습편 with 파이썬 텐서플로 (누구나 쉽게 시작하는 인공지능 첫걸음),None,"이숙번, 이고잉",위키북스,0.0,0,11700
490,혼자 공부하는 첫 프로그래밍 with 파이썬 (1:1 과외하듯 배우는 왕초보 코딩 입문서),None,문현일,한빛미디어,4.7,165,14690
491,3step으로 확실하게 배우는 파이썬 입문 (3step으로 확실하게 배우는),None,"야마다 요시히로, 야마다 나미",시그마프레스,0.0,0,22500
492,유튜버 주간컴공 지마&참깨의 프리패스 파이썬 (처음 배우는 프로그래밍),None,"지마, 참깨",고시고시,0.0,0,16200
493,이제 시작이야! 컴퓨팅 사고력으로 인공지능까지 파이썬,None,"전수진, 박주연 외 1명",연두에디션,0.0,0,20700
494,데이터 과학을 위한 기초수학 with 파이썬,None,이병준,한빛아카데미,0.0,0,23400
495,알고리즘 구현으로 배우는 선형대수 with 파이썬 (행렬의 기초부터 텐서를 활용한 머신러닝과 딥러닝 적용까지),None,장철원,비제이퍼블릭,0.0,0,30600
496,파이썬과 함께 하는 EV3 로봇 창작 프로젝트 (한 권으로 끝내는 EV3 로봇 프로젝트!),None,김형기,삼양미디어,0.0,0,16200
497,슬기로운 파이썬생활 데이터 싹쓰리 & 업무자동화,None,서진수,가치랩스,0.0,0,29700
498,"파이썬과 대스크를 활용한 고성능 데이터 분석 (대규모 데이터셋 분석, 시각화, 모델링부터 분산 앱 패키징과 배포까지)",None,제시 대니얼,한빛미디어,0.0,0,25200
499,파이썬 프로그래밍으로 지루한 작업 자동화하기,None,알 스웨이가트,스포트라잇북,0.0,0,27000
500,파이썬 오픈소스 도구를 활용한 악성코드 분석,None,서준석,에이콘출판,0.0,0,37800
501,파이썬과 Fraudit을 활용한 회계부정적발,None,안정국,아진,0.0,0,45000
502,초보자를 위한 파이썬(Python) 200제,None,장삼용,정보문화사,4.6,56,18000
503,"Do it! 장고 + 부트스트랩 파이썬 웹 개발의 정석 (웹 기초부터 블로그 개발·배포·운영까지, 만들면서 배우는 웹 개발 A to Z)",None,"이성용, 김태곤",이지스퍼블리싱,5.0,2,28800
504,파이썬을 여행하는 히치하이커를 위한 안내서 (모범 사례와 실용 라이브러리로 더 파이썬답게!),None,"케네스 레이츠, 타냐 슐로서",인사이트,0.0,0,24300
505,컴퓨팅 사고력을 키워주는 파이썬 프로그래밍,None,김성호,글로벌,0.0,0,16200
506,"파이썬 함수 사용 설명서 : 내장함수, 클래스, 메서드 편 (내장함수, 클래스, 메서드 편)",None,권판검,글로벌,0.0,0,19800
507,파이썬과 코랩기반의 OpenCV로 배우는 영상처리,None,고병철,그린,0.0,0,18000
508,The Python - 파이썬 프로그래밍 3부 (파이썬 프로그래밍 3부),None,허진경,부크크(Bookk),0.0,0,0
509,The Python - 파이썬 프로그래밍 1부 (파이썬 프로그래밍 1부),None,허진경,부크크(Bookk),0.0,0,0
510,The Python - 파이썬 프로그래밍 2부 (파이썬 프로그래밍 2부),None,허진경,부크크(Bookk),0.0,0,0
511,파이썬으로 만드는 암호화폐 자동 거래 시스템 (24시간 운영되는 나만의 스마트 트레이딩 시스템 만들기),None,박재현,위키북스,0.0,0,22500
512,The Python - 파이썬 프로그래밍(합본) (파이썬 프로그래밍(합본)),None,허진경,부크크(Bookk),0.0,0,54800
513,"파이썬을 이용한 머신러닝, 딥러닝 실전 앱 개발 (실무에서 즉시 활용 가능한 머신러닝, 딥러닝 실전 앱 개발)",None,"쿠지라 히코우즈쿠에, 스기야마 요우이치",위키북스,0.0,0,0
514,"파이썬을 이용한 빅데이터 수집, 분석과 시각화 (페이스북, 트위터, 네이버, 공공, 일반 웹 데이터 기반)",None,이원하,비팬북스,0.0,0,21600
515,프로그래머를 위한 베이지안 with 파이썬 (파이썬과 PyMC로 구현하며 익히는 베이지안 방법론),None,캐머런 데이비슨 필론,길벗,0.0,0,24300
516,파이썬과 Jupyter Notebook (IPython을 활용한 데이터 분석과 시각화),None,시릴 로산트,에이콘출판,0.0,0,18000
517,"백견불여일타 파이썬 생활밀착형 프로젝트 (웹 크롤링, 카카오톡 메시지 보내기, 업무 자동화까지 11가지 파이썬 프로젝트)",None,김효실,로드북,5.0,3,22500
518,하루에 쪼갠다 파이썬 (실전코드 핵심기초) (컬러판) (실전코드 핵심기초),None,코딩 코치스 Coding Coaches,부크크(bookk),0.0,0,9800
519,"C#과 파이썬을 활용한 OpenCV 4 프로그래밍 (컴퓨터 비전 기초 이론부터 머신러닝을 활용한 영상 처리 프로젝트까지, 개정판)",None,윤대희,위키북스,5.0,1,32400
520,파이썬으로 시작하는 로봇 활용 SW 교육 : 햄스터,None,"황준, 연승욱 외 1명",영진닷컴,0.0,0,16200
521,"파이썬 기반의 AI를 위한 기초수학, 확률 및 통계",None,강봉주,자유아카데미,0.0,0,31680
522,한권으로 개발자가 원하던 파이썬 심화 A to Z (실무를 위해 반드시 알아야 할 데코레이터와 디스크립터 이해하기),None,문용준,잇플,0.0,0,28800
523,파이썬을 활용한 크롤러 개발과 스크레이핑 입문 (크롤러 설계와 개발부터 수집 데이터 분석과 운용까지),None,"카토 카츠야, 요코야마 유우키",위키북스,0.0,0,27000
524,파이썬과 케라스로 배우는 대소니의 딥러닝 기초 (파이썬과 케라스로 배우는),None,김철우,디지털북스,0.0,0,20700
525,파이썬 터틀 그래픽을 이용한 프로그래밍과 코딩,None,정민영,21세기사,0.0,0,18000
526,비전공자 컴퓨팅사고력 향상을 위한 파이썬 응용,None,오하영,휴먼싸이언스,0.0,0,16200
527,"파이썬을 이용한 머신러닝, 딥러닝 실전 개발 입문 (웹 크롤링과 스크레이핑부터 머신러닝ㆍ딥러닝까지 체계적으로 배우기)",None,쿠지라 히코우즈쿠에,위키북스,5.0,2,25920
528,파이썬 라이브러리로 배우는 딥러닝 입문과 응용,None,"발렌티노 조카, 지안마리오 스파카냐 외 2명",제이펍,0.0,0,25200
529,"파이썬을 이용한 머신러닝, 딥러닝 실전 개발 입문 (웹 크롤링과 스크레이핑부터 머신러닝 딥러닝까지 체계적으로 배우기)",None,쿠지라 히코우즈쿠에,위키북스,0.0,0,27000
530,파이썬을 이용한 인터랙티브 대시보드 만들기 (컬러판),None,"홍성준, 홍성수",부크크(bookk),0.0,0,32800
531,"한 번 배운 파이썬, 나만의 활용 스킬 (개발자가 아니어도 도전하는 일상과 업무 자동화)",None,이강성,프리렉,0.0,0,18000
532,"머신 러닝을 다루는 기술 with 파이썬, 사이킷런 (간단한 수학부터 학습 프로세스, 패턴, 전략까지!)",None,마크 페너,길벗,0.0,0,30600
533,Step by Step 파이썬 비즈니스 통계분석(개정판) (빅 데이터 분석 자격증 통계 분야 학습서),None,김형수,프레딕스,0.0,0,28800
534,Step by Step 파이썬 비즈니스 통계분석,None,김형수,프레딕스,0.0,0,32000
535,박쌤과 함께 다양한 예제로 배우는 완전 쉬운 파이썬 (박쌤과 함께 다양한 예제로 배우는 완전 쉬운),None,박병기,아티오,0.0,0,20700
536,파이썬 자료구조와 알고리즘 for Beginner,None,우재남,한빛아카데미,0.0,0,24300
537,Let’s 실전 예제로 배우는 파이썬 프로그래밍,None,김진성,아이비김영,0.0,0,22000
538,파이썬 프로그래밍 기초부터 응용까지 세트 - 전2권 (코어 파이썬 애플리케이션 프로그래밍+개념을 잡아주는 프로그래밍 정석),None,"웨슬리 천, 제니퍼 캠벨 외 3명",에이콘출판,0.0,0,61200
539,파이썬과 OpenCV로 실습하며 배우는 영상처리,None,김성영,카오스북,0.0,0,20700
540,"한권으로 파이썬과 드론 날로 먹기: 인공지능편(드론포함) (파이썬의 기초문법, 응용 예제가 한권에 | 파이썬 첫걸음을 드론과 함께)",None,"이현종, 박재일",잇플,0.0,0,0
541,파이썬과 기계 학습(acorn+PACKT 시리즈) (scikit-learn을 활용한),None,"라울 가레타, 기예르모 몬세치",에이콘출판,0.0,0,12600
542,C#과 파이썬을 활용한 OpenCV 4 프로그래밍 (컴퓨터 비전 기초 이론부터 머신러닝을 활용한 영상 처리 프로젝트까지),None,윤대희,위키북스,0.0,0,31500
543,파이썬과 OpenCV를 이용한 컴퓨터 비전 학습 (컴퓨터 비전 애플리케이션을 만들기 위한 강력한 OpenCV 3와 파이썬 활용하),None,알렉세이 스피쉐보이,에이콘출판,0.0,0,31500
544,이토록 쉬운 딥러닝을 위한 기초 수학 with 파이썬,None,마스이 도시카츠,루비페이퍼,0.0,0,25200
545,"파이썬과 리액트를 활용한 주식 자동 거래 시스템 구축 (데이터 수집부터 거래자동화, API 서버, 웹 개발, 데이터분석까지 아우르는)",None,박재현,위키북스,5.0,2,25200
546,코딩 초보자를 위한 데이터 중심의 파이썬 프로그래밍 (코딩 초보자를 위한 데이터 중심의),None,"길준민, 박지수",인피니티북스,0.0,0,21340
547,파이썬 Jupyter Notebook 실전 입문 (데이터 분석에 필수적인 Jupyter Notebook 완벽 가이드),None,"이케우치 타카히로, 카타야나기 노부코 외 2명",터닝포인트,0.0,0,22500
548,파이썬과 케라스를 이용한 딥러닝/강화학습 주식투자 (퀀트 투자 알고리즘 트레이딩을 위한 최첨단 해법 입문),None,퀀티랩,위키북스,0.0,0,25200
549,파이썬을 활용한 베이지안 통계(Think Bayes) (동전 던지기와 하키 승률로 배우는 데이터 분석),None,앨런 B. 다우니,한빛미디어,0.0,0,0
550,"머신 러닝 교과서 with 파이썬, 사이킷런, 텐서플로 (Numpy, scikit-learn 0.2x, TensorFlow 2.x로 배우는 머신 러닝)",None,"세바스찬 라시카, 바히드 미자리리",길벗,0.0,0,29700
551,백엔드를 위한 Django REST Framework with 파이썬,None,권태형,영진닷컴,0.0,0,16200
552,파이썬으로 배우는 Anti-Virus 구조와 원리 (예제와 오픈소스를 통해 이해하는 악성코드의 진단과 치료),None,최원혁,비제이퍼블릭,0.0,0,30600
553,파이썬을 활용한 공격적 & 방어적 해킹 프로그래밍 세트 (창의적이고 새로운 관점을 제시하는 해킹과 방어 기법),None,저스틴 지이츠,에이콘출판,0.0,0,42120
554,파이썬과 케라스를 이용한 딥러닝/강화학습 주식투자 (퀀트 투자 알고리즘 트레이딩을 위한 최첨단 해법 입문),None,김문권,위키북스,0.0,0,0
555,슬기로운 코딩 생활 with 파이썬 으랏차차 기초편 (즐겁게 시작하고 똑똑하게 끝내는 코딩 교과서),None,김정욱,루비페이퍼,0.0,0,0
556,머신 러닝·딥 러닝에 필요한 기초 수학 with 파이썬,None,조준우,인사이트,4.0,2,24300
557,"직장인을 위한 데이터 분석 실무 with 파이썬 (개정판) (마케팅, 영업, 기획 실무 담당자를 위한 데이터 분석의 기술, 개정판)",None,"이형석, 장남수 외 2명",위키북스,4.7,3,25200
558,애프터스킬 파이썬 프로젝트 Active 개발 가이드 (환경부터 프레임워크까지 100% 실무 기법서),None,최원우,아이콕스(iCox),0.0,0,18000
559,선형대수와 통계학으로 배우는 머신러닝 with 파이썬 (최적화 개념부터 텐서플로를 활용한 딥러닝까지),None,장철원,비제이퍼블릭,5.0,1,32400
560,"라즈베리파이 피코, 마이크로파이썬을 만나다 (마이크로파이썬으로 시작하는 마이크로컨트롤러 프로그래밍)",None,허경용 지음,제이펍,0.0,0,22500
561,셜록 홈즈 만화로 배우는 파이썬 : 8주 안에 끝내는 가장 쉬운 파이썬,None,"정준우, 김민기 공저",페스트북,0.0,0,19200
562,컴퓨팅 사고와 함께하는 파이썬 기초부터 인공지능 응용까지,None,"김성백, 김철민 외 1명",연두에디션,4.0,1,21600
563,"머신러닝 딥러닝을 이용한 A.I. 자율주행 RC카 프로젝트 with 파이썬+아두이노 (만들기, 동키카 체험, 아두이노 RC카 체험과 코딩, 인공지능 학습, 자율주행)",None,서민우,앤써북,0.0,0,16200
564,내가 하는 사물인터넷 프로그래밍 1 : 라즈베리 파이 파이썬 편,None,"설상동, 김혜숙",지식과감성#,0.0,0,18000
565,"파이썬으로 살펴보는 아키텍처 패턴: TDD, DDD, EDM 적용하기 (TDD, DDD, EDM 적용하기)",None,"해리 퍼시벌, 밥 그레고리",한빛미디어,0.0,0,27650
566,파이썬만 잡아도: 기초를 탄탄히 세우는 Python 프로그래밍 (기초를 탄탄히 세우는 Python 프로그래밍),None,"김병만, 문창배",카오스북,0.0,0,25000
567,ELS 평가를 위한 몬테카를로 시뮬레이션과 유한차분법 : 파이썬 활용 (파이썬 활용),None,"한현수, 장한별 외 3명",지오북스,0.0,0,17100
568,"Effective Python 2nd 이펙티브 파이썬 : 파이썬 코딩의 기술 (똑똑하게 코딩하는 법, 개정판)",None,브렛 슬라킨,길벗,5.0,1,28800
569,파이썬 딥러닝 파이토치(Python Deep Learning PyTorch),None,"이경택, 방성수 외 1명",정보문화사,4.5,2,21600
570,"Let’s Start Coding with Raptor & Python (랩터 & 파이썬) (Computational Thinking for Problem-solving, 2nd Ediiton)",None,김충석,앤아이컴즈,0.0,0,21600
571,Let’s Start Coding with Raptor & Python(랩터 & 파이썬) (컴퓨터 사고력 프로그래밍),None,김충석,이한미디어,0.0,0,0
572,데이터 과학을 위한 통계 : 데이터 분석에서 머신러닝까지 파이썬과 R로 살펴보는 50가지 핵심 개념 (데이터 분석에서 머신러닝까지 파이썬과 R로 살펴보는 50가지 핵심 개념),None,"피터 브루스, 앤드루 브루스 외 1명",한빛미디어,0.0,0,30600
573,파이썬 라이브러리를 활용한 머신러닝 : 사이킷런 핵심 개발자가 쓴 머신러닝과 데이터 과학 실무서,None,세라 가이도,한빛미디어,0.0,0,27000
574,코어 파이썬 애플리케이션 프로그래밍 Core Python Applications Programming Third Edition,None,웨슬리 천,에이콘출판,0.0,0,45000
575,파이썬,None,미상,웅진북센리빙올(wjbooxenlivingall),0.0,0,31500
576,파이썬,None,김영천,기한재,0.0,0,25000
578,파볼래? 파이썬!,None,박상근,유페이퍼,0.0,0,10000
579,파볼래? 파이썬!,None,유페이퍼,유페이퍼,0.0,0,10000
580,파볼래? 파이썬!,None,유페이퍼,유페이퍼,0.0,0,9000
581,디딤돌 파이썬,None,이찬수,인피니티북스,0.0,0,26100
582,파이썬 스킬 업,None,브라이언 오버랜드,길벗,0.0,0,36000
584,"안녕, 파이썬",None,김학인,북랩,0.0,0,16110
585,"안녕, 파이썬",None,김학인,북랩,0.0,0,16110
586,파이썬 연습,None,김기용,그린,0.0,0,23400
587,파이썬 훈련소,None,유페이퍼,유페이퍼,0.0,0,4500
588,파이썬 훈련소,None,북마크,유페이퍼,0.0,0,4500
589,파이썬 훈련소,None,북마크,유페이퍼,0.0,0,5000
590,새내기 파이썬,None,천인국,생능출판,0.0,0,30000
591,파이썬 스타트,None,박희재,인피니티북스,0.0,0,22500
592,파이썬 스타트,None,박희재,인피니티북스,0.0,0,22500
593,파이썬 스타트,None,박희재,인피니티북스,0.0,0,22500
594,"안녕, 파이썬",None,미상,북랩,0.0,0,16110
595,파이썬 정복,None,미상,웅진북센리빙올(wjbooxenlivingall),0.0,0,19800
596,안녕 파이썬,None,미상,웅진북센리빙올(wjbooxenlivingall),0.0,0,16110
597,파이썬 증권 데이터 분석,None,한빛미디어,한빛미디어,0.0,0,28800
598,파이썬 딥러닝 케라스 (다양한 데이터와 예제로 시작하는 케라스!),None,정보문화사,정보문화사,0.0,0,19000
599,"안녕, 파이썬 책",None,김학인,북랩,0.0,0,16110
600,스타트 파이썬,None,황재호,인포앤북,0.0,0,18900
601,스타트 파이썬,None,황재호,인포앤북,0.0,0,18900
602,파이썬 정복,None,김상형,한빛미디어,0.0,0,19800
603,파이썬 첫걸음 1,None,(주)세종로봇코딩연구소,(주)세종로봇코딩연구소,0.0,0,4500
604,파이썬 첫걸음 2,None,(주)세종로봇코딩연구소,(주)세종로봇코딩연구소,0.0,0,4500
605,파이썬 입문,None,야마다.요시히로.야마다.나미,시그마프레스,0.0,0,22500
606,으뜸 파이썬,None,박동규.강영민,생능출판,0.0,0,32000
616,누구나 파이썬,None,전익진,디스커버리미디어,0.0,0,15750
617,누구나 파이썬,None,전익진,디스커버리미디어,0.0,0,15750
618,디딤돌 파이썬,None,미상,인피니티북스,0.0,0,26100
619,모두의 파이썬,None,미상,길벗,0.0,0,10800
620,파이썬 딥러닝 케라스,None,조한성,정보문화사,0.0,0,25200
621,파이썬 딥러닝 케라스,None,조한성,정보문화사,0.0,0,25200
622,마케터의 파이썬,None,정희석,e비즈북스,0.0,0,22000
623,나혼자 파이썬,None,이창현,디지털북스,0.0,0,13500
624,나혼자 파이썬,None,이창현,디지털북스,0.0,0,13500
625,혼자 공부하는 파이썬,None,윤인성,한빛미디어,0.0,0,19800
626,혼자 공부하는 파이썬,None,윤인성,한빛미디어,0.0,0,19800
627,파이썬 스킬 업,None,브라이언 오버랜드,길벗,0.0,0,36000
628,파이썬 스킬 업,None,브라이언.오버랜드.존.베넷,길벗,0.0,0,36000
629,파이썬 스킬 업,None,브라이언.오버랜드.존.베넷,길벗,0.0,0,36000
630,파이썬 챌린지,None,니콜라.레이시,제이펍,0.0,0,10080
631,파이썬 챌린지,None,니콜라.레이시,제이펍,0.0,0,10080
632,고성능 파이썬,None,미샤.고렐릭.이안.오스발트,한빛미디어,0.0,0,32400
633,고성능 파이썬,None,미샤.고렐릭.이안.오스발트,한빛미디어,0.0,0,32400
634,파이썬의 정석,None,시바타.보요,루비페이퍼,0.0,0,23400
635,파이썬의 정석,None,시바타.보요,루비페이퍼,0.0,0,23400
636,진지한 파이썬,None,쥘리앵.당주,한빛미디어,0.0,0,25200
637,진지한 파이썬,None,쥘리앵.당주,한빛미디어,0.0,0,25200
638,진지한 파이썬,None,쥘리앵당주,한빛미디어,0.0,0,25200
639,연오의 파이썬,None,박연오,인사이트,0.0,0,17820
640,파이썬 첫걸음,None,James.R.Payne,잇플,0.0,0,23400
641,나의 첫 파이썬,None,에릭.마테스,한빛미디어,0.0,0,27000
642,나의 첫 파이썬,None,에릭.마테스,한빛미디어,0.0,0,27000
643,이젠 나도! 파이썬,None,이지선,성안당,0.0,0,22500
644,이젠 나도! 파이썬,None,이지선,성안당,0.0,0,22500
645,이젠 나도! 파이썬,None,이지선,성안당,0.0,0,22500
646,파이썬 코딩 도장,None,미상,길벗,0.0,0,22500
647,파이썬 코딩 도장,None,미상,길벗,0.0,0,22500
648,파이썬 코딩도장,None,미상,웅진북센리빙올(wjbooxenlivingall),0.0,0,22500
649,이젠 나도 파이썬,None,미상,웅진북센리빙올(wjbooxenlivingall),0.0,0,22500
